[www.Zonex.com/index.html]
[backblue.gif]
[fade.gif]
[index.html]
[www.Zonex.com/assets/images/social_img_v2.jpg]
[www.Zonex.com/assets/img/Logo_icon.png]
[www.Zonex.com/assets/css/bootstrap.min.css]
[www.Zonex.com/assets/css/settings.minf9e3.css]
[www.Zonex.com/assets/fontawesome/css/all.min.css]
[www.Zonex.com/assets/aos/aos.css]
[www.Zonex.com/assets/css/slicknav.css]
[www.Zonex.com/assets/css/style2c97.css]
[www.Zonex.com/assets/css/responsive.css]
[www.Zonex.com/assets/css/animate.css]
[www.Zonex.com/assets/css/colors/red.css]
[www.Zonex.com/assets/css/responsive_bootstrap_carousel_mega_min.css]
[blueimp.github.io/Gallery/css/blueimp-gallery.min.css]
[www.Zonex.com/assets/css/bootstrap-image-gallery.min.css]
[www.Zonex.com/assets/css/developingProcess.css]
[www.Zonex.com/assets/vendor/circle-flip-slideshow/css/component.css]
[ajax.googleapis.com/ajax/libs/jquery/1.12.0/jquery.min.js]
[www.Zonex.com/assets/js/jquery.migrate.js]
[www.Zonex.com/assets/js/modernizrr.js]
[maxcdn.bootstrapcdn.com/bootstrap/3.3.6/js/bootstrap.min.js]
[www.Zonex.com/assets/js/jquery.fitvids.js]
[www.Zonex.com/assets/js/owl.carousel.min.js]
[www.Zonex.com/assets/js/nivo-lightbox.min.js]
[www.Zonex.com/assets/js/jquery.isotope.min.js]
[www.Zonex.com/assets/js/jquery.appear.js]
[www.Zonex.com/assets/js/count-to.js]
[www.Zonex.com/assets/js/jquery.textillate.js]
[www.Zonex.com/assets/js/jquery.lettering.js]
[www.Zonex.com/assets/js/jquery.parallax.js]
[www.Zonex.com/assets/js/jquery.slicknav.js]
[www.Zonex.com/assets/js/jquery.themepunch.revolution.min.js]
[www.Zonex.com/assets/js/jquery.themepunch.tools.min.js]
[www.Zonex.com/assets/scrollingAnimation/animate.css]
[www.Zonex.com/assets/js/index.js]
[www.Zonex.com/assets/css/bootstrap-theme.min.css]
[www.Zonex.com/assets/css/bootstrap-social.css]
[www.Zonex.com/assets/css/templatemo_style.css]
[www.Zonex.com/assets/css/header.css]
[www.Zonex.com/assets/js/header.js]
[www.Zonex.com/request-quote.html]
[www.Zonex.com/assets/images/Elexoft.png]
[www.Zonex.com/services.html]
[www.Zonex.com/Data-Science.html]
[www.Zonex.com/web-development.html]
[www.Zonex.com/mobile-apps.html]
[www.Zonex.com/graphic-designing.html]
[www.Zonex.com/digital-marketing.html]
[www.Zonex.com/business-intelligence.html]
[www.Zonex.com/graphic-designing.html]
[www.Zonex.com/graphic-designing.html]
[www.Zonex.com/portfolio.html]
[www.Zonex.com/blogs/index.html]
[www.Zonex.com/featured/case-study.html]
[www.Zonex.com/team.html]
[www.Zonex.com/blogs/testimonials/index.html]
[www.Zonex.com/contact.html]
[www.Zonex.com/assets/images/dummy.png]
[www.Zonex.com/assets/images/elexoft_office.jpg]
[www.Zonex.com/assets/images/slider/01.png]
[www.Zonex.com/assets/images/slider/bg6.png]
[www.Zonex.com/assets/images/slider/02.png]
[www.Zonex.com/assets/images/slider/425_low.png]
[www.Zonex.com/assets/images/slider/bg5.png]
[www.Zonex.com/assets/images/slider/bg1.png]
[www.Zonex.com/assets/img/Logo_icon.png]
[www.Zonex.com/assets/images/clutch-3.png]
[www.Zonex.com/assets/images/google.png]
[www.Zonex.com/assets/images/trustpilot.png]
[www.Zonex.com/assets/images/themanifest.png]
[www.Zonex.com/assets/images/shopify.png]
[www.Zonex.com/#]
[www.Zonex.com/assets/portfolio_images/400x400/sound.jpeg]
[www.Zonex.com/assets/portfolio_images/sound.jpeg]
[www.Zonex.com/#]
[www.Zonex.com/assets/portfolio_images/400x400/italian.jpeg]
[www.Zonex.com/assets/portfolio_images/italian.jpeg]
[www.Zonex.com/#]
[www.Zonex.com/assets/portfolio_images/400x400/map.jpeg]
[www.Zonex.com/assets/portfolio_images/map.jpeg]
[www.Zonex.com/#]
[www.Zonex.com/assets/portfolio_images/400x400/K-Circle.jpg]
[www.Zonex.com/assets/portfolio_images/K-Circle.jpg]
[www.Zonex.com/#]
[www.Zonex.com/assets/portfolio_images/400x400/hotelroom.jpg]
[www.Zonex.com/assets/portfolio_images/hotelroom.jpg]
[www.Zonex.com/#]
[www.Zonex.com/assets/portfolio_images/400x400/bangkok.jpg]
[www.Zonex.com/assets/portfolio_images/bangkok.jpg]
[www.Zonex.com/#]
[www.Zonex.com/assets/portfolio_images/400x400/Radius.jpg]
[www.Zonex.com/assets/portfolio_images/Radius.jpg]
[www.Zonex.com/#]
[www.Zonex.com/assets/portfolio_images/400x400/superwin.jpg]
[www.Zonex.com/assets/portfolio_images/superwin.jpg]
[www.Zonex.com/#]
[www.Zonex.com/assets/portfolio_images/400x400/hotel.jpg]
[www.Zonex.com/assets/portfolio_images/hotel.jpg]
[www.Zonex.com/#]
[www.Zonex.com/assets/portfolio_images/400x400/responsive.jpeg]
[www.Zonex.com/assets/portfolio_images/responsive.jpeg]
[www.Zonex.com/#]
[www.Zonex.com/assets/portfolio_images/400x400/zafareng.jpg]
[www.Zonex.com/assets/portfolio_images/zafareng.jpg]
[www.Zonex.com/project/1142/table-reservation-app-for-customers.html]
[www.Zonex.com/assets/portfolio_images/400x400/8d33e10f14d8ce665138c22f43bba39e.png]
[www.Zonex.com/assets/portfolio_images/8d33e10f14d8ce665138c22f43bba39e.png]
[www.Zonex.com/assets/images/parallax/bg-02.jpg]
[www.Zonex.com/assets/images/services/c4581b52-de20-491a-9fdb-519999e74c0257fc9093-570e-4876-8957-c06dfac2fd6b1.jpg]
[www.Zonex.com/assets/services/bc5e9c89-066b-4d7f-be75-ff90b3acfd1c6.jpg]
[www.Zonex.com/assets/images/services/5cb385ec-3f9a-47cf-8325-14bf02a88bb74.jpg]
[www.Zonex.com/assets/images/services/5ddd775b-fd63-4ec7-b013-8ec79ea7b6282.jpg]
[www.Zonex.com/assets/images/services/fe791cb0-ab81-4138-a04e-6802dfbfff825.jpg]
[www.Zonex.com/assets/images/services/5b9b626b-2717-4d66-8aae-48cb0d1ef890development-icon.jpg]
[www.Zonex.com/assets/services/5349a874-2041-4fdb-b271-984d5ec8cec9web-design.jpg]
[www.Zonex.com/assets/images/services/iphone-app-development-min.jpg]
[www.Zonex.com/assets/images/services/Android-app-development.jpg]
[www.Zonex.com/assets/images/03.jpg]
[www.Zonex.com/assets/img/home-concept-item-1.png]
[www.Zonex.com/assets/img/home-concept-item-2.png]
[www.Zonex.com/assets/img/home-concept-item-3.png]
[www.Zonex.com/assets/img/projects/project-home-1.jpg]
[www.Zonex.com/assets/img/projects/project-home-2.jpg]
[www.Zonex.com/assets/case_study/css/app2.css]
[www.Zonex.com/assets/case_study/img/portfolio/elexoft-apps-min.png]
[www.Zonex.com/assets/case_study/js/gsap/gsap.min.js]
[www.Zonex.com/assets/case_study/js/gsap/ScrollTrigger.min.js]
[www.Zonex.com/assets/case_study/js/gsap-home2c97.js]
[www.Zonex.com/assets/images/parallax/bg-001.jpg]
[www.Zonex.com/assets/languages_images/4af8b0432b13031ff20fb5a0cb07b0ad.png]
[www.Zonex.com/assets/languages_images/7f5d6c7f80d86b8656da54cb97f31740.png]
[www.Zonex.com/assets/languages_images/7551fa860ad558b05630a90ae4bc8996.png]
[www.Zonex.com/assets/languages_images/0ac54341e91108beebc0f0350c3b4fe3.jpg]
[www.Zonex.com/assets/languages_images/70732b203e3eddd2b6624686e026ddca.png]
[www.Zonex.com/assets/languages_images/66788f853aca8e44f1d89c1e2f38d82b.png]
[www.Zonex.com/assets/languages_images/e3851c99ccede005e95f639ce6f5000c.png]
[www.Zonex.com/assets/languages_images/d0029ff07abdd31272a2c2e8245b3f72.png]
[www.Zonex.com/assets/languages_images/f10dc053159b15484a4fe55fd5b55a35.png]
[www.Zonex.com/assets/languages_images/0ea3b60e97625384dd97690963e609ad.png]
[www.Zonex.com/assets/languages_images/368708f0b28c39b1ec3de7cbde7bdee9.png]
[www.Zonex.com/assets/languages_images/3e00174ca1dc5c97c74fca97583d0d19.png]
[www.Zonex.com/assets/languages_images/2a1e6b7735ca8ebb75de99e26deded96.jpg]
[www.Zonex.com/assets/languages_images/0db28cfd76eb72531e6aa3fae023265c.png]
[www.Zonex.com/assets/languages_images/9d6260945edf5b57f6e309018c146d5a.png]
[www.Zonex.com/assets/languages_images/2d9b1e3b963846d1b4aacea3d883d6da.png]
[www.Zonex.com/assets/languages_images/f9ebe12ed945549f6fc890b59d67d641.png]
[www.Zonex.com/assets/languages_images/24d452e8cbc8d61372743a076220fbd2.png]
[www.Zonex.com/assets/languages_images/e980873f86f7560f48828449981fe527.png]
[www.Zonex.com/assets/clients_images/d738c3ee79ce57d880eec65d90de1ffb.png]
[www.Zonex.com/assets/clients_images/34b4e653907c43d34b17b2c279459bd6.png]
[www.Zonex.com/assets/clients_images/9c3ed4527615b832ff909e1d2736c89c.png]
[www.Zonex.com/assets/clients_images/95a84fce9238bce4f29193bc3e5ee46c.png]
[www.Zonex.com/assets/clients_images/eb709a6c4a088fd56158e40bd5eef365.png]
[www.Zonex.com/assets/clients_images/1d894fb96b17bb3feab49332f1f6870c.png]
[www.Zonex.com/assets/clients_images/19878e254403644d32a87200861f403b.png]
[www.Zonex.com/assets/clients_images/21ea3ee2065ea64b20f6c97212cff746.png]
[www.Zonex.com/assets/clients_images/232a59708dd22b61257f6ea08f3dabec.png]
[www.Zonex.com/assets/clients_images/e9d1a59db48c530042c3c8ad78dffaa5.png]
[www.Zonex.com/assets/clients_images/079062101ef3d99d5ea438ffe47a6af0.jpg]
[widget.clutch.co/static/js/widget.js]
[www.Zonex.com/assets/images/Pakistan-Software-Export-Board-PSEB-Logo.jpg]
[www.Zonex.com/assets/flags/4x3/pk.svg]
[www.Zonex.com/assets/flags/4x3/us.svg]
[www.Zonex.com/assets/images/positivessl_trust_seal_lg_222x54.png]
[www.Zonex.com/mobile-app-development-services-in-usa.html]
[www.Zonex.com/mobile-app-development-services-in-uk.html]
[www.Zonex.com/mobile-app-development-services-in-germany.html]
[www.Zonex.com/mobile-app-development-services-in-canada.html]
[www.Zonex.com/website-development-services-in-usa.html]
[www.Zonex.com/website-development-services-in-uk.html]
[www.Zonex.com/website-development-services-in-germany.html]
[www.Zonex.com/website-development-services-in-canada.html]
[www.Zonex.com/mobile-app-development-services-in-cyprus.html]
[www.Zonex.com/assets/scrollingAnimation/viewportchecker.js]
[www.Zonex.com/assets/js/script.js]
[www.Zonex.com/assets/aos/aos.js]
[www.Zonex.com/assets/js/jquery.touchSwipe.min.js]
[www.Zonex.com/assets/js/responsive_bootstrap_carousel.js]
[blueimp.github.io/Gallery/js/jquery.blueimp-gallery.min.js]
[www.Zonex.com/assets/js/bootstrap-image-gallery.min.js]
[www.Zonex.com/index.html]
[www.Zonex.com/assets/css/bootstrap.min.css]
[www.Zonex.com/assets/css/settings.minf9e3.css]
[www.Zonex.com/assets/fontawesome/webfonts/fa-brands-400.eot]
[www.Zonex.com/assets/fontawesome/webfonts/fa-brands-400d41d.eot]
[www.Zonex.com/assets/fontawesome/webfonts/fa-brands-400.woff2]
[www.Zonex.com/assets/fontawesome/webfonts/fa-brands-400.woff]
[www.Zonex.com/assets/fontawesome/webfonts/fa-brands-400.ttf]
[www.Zonex.com/assets/fontawesome/webfonts/fa-regular-400.eot]
[www.Zonex.com/assets/fontawesome/webfonts/fa-regular-400d41d.eot]
[www.Zonex.com/assets/fontawesome/webfonts/fa-regular-400.woff2]
[www.Zonex.com/assets/fontawesome/webfonts/fa-brands-400.svg]
[www.Zonex.com/assets/fontawesome/webfonts/fa-regular-400.woff]
[www.Zonex.com/assets/fontawesome/webfonts/fa-regular-400.ttf]
[www.Zonex.com/assets/fontawesome/webfonts/fa-regular-400.svg]
[www.Zonex.com/assets/fontawesome/webfonts/fa-solid-900.eot]
[www.Zonex.com/assets/fontawesome/webfonts/fa-solid-900d41d.eot]
[www.Zonex.com/assets/fontawesome/webfonts/fa-solid-900.woff2]
[www.Zonex.com/assets/fontawesome/webfonts/fa-solid-900.woff]
[www.Zonex.com/assets/fontawesome/webfonts/fa-solid-900.ttf]
[www.Zonex.com/assets/fontawesome/css/all.min.css]
[www.Zonex.com/assets/aos/aos.css]
[www.Zonex.com/assets/css/slicknav.css]
[www.Zonex.com/assets/images/slide-02-bg.jpg]
[www.Zonex.com/assets/images/map.png]
[www.Zonex.com/assets/fontawesome/webfonts/fa-solid-900.svg]
[www.Zonex.com/assets/images/patterns/1.png]
[www.Zonex.com/assets/images/patterns/2.png]
[www.Zonex.com/assets/images/patterns/3.png]
[www.Zonex.com/assets/images/patterns/4.png]
[www.Zonex.com/assets/images/patterns/5.png]
[www.Zonex.com/assets/images/patterns/6.png]
[www.Zonex.com/assets/images/patterns/7.png]
[www.Zonex.com/assets/images/patterns/8.png]
[www.Zonex.com/assets/images/patterns/9.png]
[www.Zonex.com/assets/images/patterns/10.png]
[www.Zonex.com/assets/images/patterns/11.png]
[www.Zonex.com/assets/images/patterns/12.png]
[www.Zonex.com/assets/images/patterns/13.png]
[www.Zonex.com/assets/images/patterns/14.png]
[www.Zonex.com/assets/images/icons/switcher.png]
[www.Zonex.com/assets/images/parallax/bg-01.jpg]
[www.Zonex.com/assets/css/style2c97.css]
[www.Zonex.com/assets/css/responsive.css]
[www.Zonex.com/assets/css/animate.css]
[www.Zonex.com/assets/css/colors/red.css]
[www.Zonex.com/assets/images/black_carousel_background.png]
[www.Zonex.com/assets/css/responsive_bootstrap_carousel_mega_min.css]
[www.Zonex.com/assets/css/index.css]
[blueimp.github.io/Gallery/img/loading.gif]
[blueimp.github.io/Gallery/img/error.png]
[blueimp.github.io/Gallery/img/prev.png]
[blueimp.github.io/Gallery/img/next.png]
[blueimp.github.io/Gallery/img/close.png]
[blueimp.github.io/Gallery/img/play-pause.png]
[blueimp.github.io/Gallery/img/video-play.png]
[blueimp.github.io/Gallery/css/blueimp-gallery.min.css]
[www.Zonex.com/assets/css/bootstrap-image-gallery.min.css]
[www.Zonex.com/assets/img/home-concept.png]
[www.Zonex.com/assets/img/home-concept-item.png]
[www.Zonex.com/assets/img/home-concept-icons.png]
[www.Zonex.com/assets/img/home-concept-dark.png]
[www.Zonex.com/assets/img/home-concept-item-dark.png]
[www.Zonex.com/assets/img/home-concept-icons-dark.png]
[www.Zonex.com/assets/css/developingProcess.css]
[www.Zonex.com/assets/vendor/circle-flip-slideshow/css/component.css]
[www.Zonex.com/assets/js/jquery.migrate.js]
[www.Zonex.com/assets/js/modernizrr.js]
[www.Zonex.com/assets/js/jquery.fitvids.js]
[www.Zonex.com/assets/js/owl.carousel.min.js]
[www.Zonex.com/assets/js/nivo-lightbox.min.js]
[www.Zonex.com/assets/js/jquery.isotope.min.js]
[www.Zonex.com/assets/js/jquery.appear.js]
[www.Zonex.com/assets/js/count-to.js]
[www.Zonex.com/assets/js/jquery.textillate.js]
[www.Zonex.com/assets/js/jquery.lettering.js]
[www.Zonex.com/assets/js/jquery.parallax.js]
[www.Zonex.com/assets/js/jquery.slicknav.js]
[www.Zonex.com/assets/js/jquery.themepunch.revolution.min.js]
[www.Zonex.com/assets/js/jquery.themepunch.tools.min.js]
[www.Zonex.com/assets/scrollingAnimation/animate.css]
[www.Zonex.com/assets/js/index.js]
[www.Zonex.com/assets/css/bootstrap-theme.min.css]
[www.Zonex.com/assets/css/bootstrap-social.css]
[www.Zonex.com/assets/images/03q3.jpg]
[www.Zonex.com/assets/images/templatemo-bg-2.jpg]
[www.Zonex.com/assets/css/templatemo_style.css]
[www.Zonex.com/assets/css/header.css]
[www.Zonex.com/assets/js/header.js]
[www.Zonex.com/assets/intlinput/css/intlTelInput.css]
[www.Zonex.com/assets/images/loading.gif]
[www.Zonex.com/blogs/wp-content/uploads/2022/09/306954749_503159565148344_3840578623388066072_n.jpg]
[www.Zonex.com/assets/intlinput/js/intlTelInput.js]
[www.Zonex.com/assets/js/form-validator.min.js]
[www.Zonex.com/assets/js/contact-form-script.js]
[www.Zonex.com/request-quote.html]
[www.Zonex.com/assets/images/mobile_app.jpg]
[www.Zonex.com/assets/images/web_development.jpg]
[www.Zonex.com/assets/images/graphic_designing.jpg]
[www.Zonex.com/assets/images/seo1231.jpg]
[www.Zonex.com/assets/images/business_intelligence.jpg]
[www.Zonex.com/services.html]
[cdn.jsdelivr.net/jquery.mixitup/latest/jquery.mixitup.min.js]
[www.Zonex.com/assets/services/model-training1-min.png]
[www.Zonex.com/assets/services/computer-vision1-min.png]
[www.Zonex.com/assets/services/nlp.png]
[www.Zonex.com/assets/services/deployment1-min.png]
[www.Zonex.com/Data-Science.html]
[www.Zonex.com/assets/services/cms.png]
[www.Zonex.com/assets/services/crm_pic.png]
[www.Zonex.com/assets/services/ecommerce.png]
[www.Zonex.com/assets/services/gifs/dwasdvsfgdcdsdvdsfdsfwqw33.gif]
[www.Zonex.com/assets/services/gifs/dvdsfvcv fger534534523.gif]
[www.Zonex.com/assets/services/gifs/3222224wdas.gif]
[www.Zonex.com/assets/services/gifs/4534rwer4tert3434.gif]
[www.Zonex.com/assets/services/gifs/asdqwdasdqwdzxdaw.gif]
[www.Zonex.com/web-development.html]
[www.Zonex.com/assets/services/ios.png]
[www.Zonex.com/assets/services/android_app.png]
[www.Zonex.com/assets/services/gifs/45tdfwet34rfertt4e4tewrw.gif]
[www.Zonex.com/mobile-apps.html]
[www.Zonex.com/assets/services/flyer.png]
[www.Zonex.com/assets/services/logoDesigning.png]
[www.Zonex.com/assets/services/gifs/24325y654erfdw34r3.gif]
[www.Zonex.com/graphic-designing.html]
[www.Zonex.com/assets/services/seo.png]
[www.Zonex.com/assets/services/smo.png]
[www.Zonex.com/assets/services/gifs/325tetgdft4645rterter.gif]
[www.Zonex.com/assets/services/gifs/new webs des asdaseq.gif]
[www.Zonex.com/assets/services/gifs/werewrfdsfr3432432.gif]
[www.Zonex.com/digital-marketing.html]
[www.Zonex.com/assets/services/business_intelligence.png]
[www.Zonex.com/business-intelligence.html]
[www.Zonex.com/assets/services/seo_services.jpg]
[www.Zonex.com/graphic-designing.html]
[www.Zonex.com/assets/services/cloud-hosting-min.png]
[www.Zonex.com/assets/services/vps.png]
[www.Zonex.com/assets/services/serverless-hosting.png]
[www.Zonex.com/assets/services/paas.png]
[www.Zonex.com/assets/services/managed-hosting-min.png]
[www.Zonex.com/assets/services/dedicated-hosting-min.png]
[www.Zonex.com/assets/services/container-hosting-min.png]
[www.Zonex.com/graphic-designing.html]
[www.Zonex.com/blogs/wp-content/cache/autoptimize/css/autoptimize_8937a58cd73857a7da26fd64fdc50bc5.css]
[www.Zonex.com/blogs/wp-content/cache/autoptimize/css/autoptimize_single_ca1d5dc48253dfeb847a9569d70474ef574b.css]
[www.Zonex.com/blogs/feed/index.html]
[www.Zonex.com/blogs/comments/feed/index.html]
[www.Zonex.com/blogs/wp-includes/js/jquery/jquery.minf43b.js]
[www.Zonex.com/blogs/wp-json/wp/v2/pages/5765.json]
[www.Zonex.com/blogs/wp-json/index.html]
[www.Zonex.com/blogs/xmlrpc0db0.php]
[www.Zonex.com/blogs/wp-json/oembed/1.0/embedbdb2.json]
[www.Zonex.com/blogs/wp-json/oembed/1.0/embed3b1c]
[www.Zonex.com/blogs/wp-content/uploads/2019/10/Logo_icon.png]
[www.Zonex.com/blogs/wp-content/uploads/2019/10/Elexoft-Large.png]
[www.Zonex.com/blogs/wp-content/uploads/2024/08/Artificial-Intelligence-in-the-IT-Industry-Opportunities-and-Challenges-1024x683.png]
[www.Zonex.com/blogs/wp-content/uploads/2021/10/user-100x100.png]
[www.Zonex.com/blogs/wp-content/uploads/2024/05/How-to-Create-a-Custom-WooCommerce-Popup-Cart-with-Elementor-1024x683.png]
[www.Zonex.com/blogs/artificial-intelligence-in-the-it-industry-opportunities-and-challenges/index.html]
[www.Zonex.com/blogs/wp-content/uploads/2024/04/image-1.png]
[www.Zonex.com/blogs/how-to-create-a-custom-woocommerce-popup-cart-with-elementor/index.html]
[www.Zonex.com/blogs/category/artificial-intelligence/index.html]
[www.Zonex.com/blogs/author/james/index.html]
[www.Zonex.com/blogs/category/wordpress/woocommerce/index.html]
[www.Zonex.com/blogs/wp-content/uploads/2024/04/image.png]
[www.Zonex.com/blogs/category/wordpress/index.html]
[www.Zonex.com/blogs/wp-content/uploads/2024/03/image.png]
[www.Zonex.com/blogs/future-frontiers-the-role-of-digital-marketing-in-shaping-e-commerce-trends/index.html]
[www.Zonex.com/blogs/woocommerce-side-cart-a-simple-and-effective-way-to-boost-your-sales/index.html]
[www.Zonex.com/blogs/wp-content/uploads/2024/02/pasted-image-0-1024x683.png]
[www.Zonex.com/blogs/category/digital-marketing/index.html]
[www.Zonex.com/blogs/wp-content/uploads/2024/01/IMG_9010.png]
[www.Zonex.com/blogs/category/ecommerce/index.html]
[www.Zonex.com/blogs/wp-content/uploads/2023/12/7-Common-Digital-Marketing-Mistakes-and-How-to-Avoid-Them-1024x538.jpg]
[www.Zonex.com/blogs/wp-content/uploads/2023/12/Firefly-create-an-image-for-this-Discover-the-essence-of-SEO-its-benefits-for-small-businesses-an-1-1.jpg]
[www.Zonex.com/blogs/optimize-seo-content-in-2024-that-increases-your-google-rankings/index.html]
[www.Zonex.com/blogs/wp-content/uploads/2023/12/image-2.png]
[www.Zonex.com/blogs/wp-content/uploads/2023/10/A-Comprehensive-Guide-to-Implementing-Push-Notifications-in-iOS-1024x683.png]
[www.Zonex.com/blogs/category/content-writing/index.html]
[www.Zonex.com/blogs/wp-content/uploads/2023/03/The-Best-Emulator-for-Your-Website-Design-and-Development-1024x576.png]
[www.Zonex.com/blogs/wp-content/uploads/2023/02/5-Lead-Generation-Techniques-for-B2B-Sales-Leads.png]
[www.Zonex.com/blogs/category/google-rankings/index.html]
[www.Zonex.com/blogs/wp-content/uploads/2023/01/crm-purpose-featured-1024x576.jpg]
[www.Zonex.com/blogs/category/digital-marketing/seo/seo-content/index.html]
[www.Zonex.com/blogs/maximizing-efficiency-unlocking-the-full-potential-of-netsuite-with-expert-optimization-services/index.html]
[www.Zonex.com/blogs/wp-content/uploads/2023/01/Untitled-1024x661.jpg]
[www.Zonex.com/blogs/category/maximizing-efficiency/index.html]
[www.Zonex.com/blogs/wp-content/uploads/2021/12/Pakistan-Software-Export-Board-P.jpg]
[www.Zonex.com/blogs/wp-content/uploads/2021/12/pk.png]
[www.Zonex.com/blogs/category/optimization/index.html]
[www.Zonex.com/blogs/wp-content/uploads/2024/03/us.png]
[www.Zonex.com/blogs/uncovering-the-benefits-of-qnap-cloud-backup/index.html]
[www.Zonex.com/blogs/wp-content/uploads/2021/12/de.png]
[www.Zonex.com/blogs/category/backup-data/index.html]
[www.Zonex.com/blogs/index.html]
[www.Zonex.com/blogs/category/backup-data/cloud-backup/index.html]
[www.Zonex.com/blogs/wp-content/cache/autoptimize/js/autoptimize_f77e7ec08781945d393cc4806dd64c89.js]
[www.Zonex.com/blogs/category/backup-data/secure-data/index.html]
[www.Zonex.com/blogs/avoid-these-4-extremely-common-digital-marketing-mistakes/index.html]
[www.Zonex.com/blogs/how-an-seo-agency-first-tackles-a-campaign/index.html]
[www.Zonex.com/blogs/category/digital-marketing/seo/index.html]
[www.Zonex.com/project/1145/matrimonial-website.html]
[www.Zonex.com/blogs/essential-principles-of-good-website-design-a-comprehensive-guide/index.html]
[www.Zonex.com/assets/portfolio_images/400x400/f7c5fc41bb4c71ab2adae86cd2e39c80.jpg]
[www.Zonex.com/blogs/category/web-app/index.html]
[www.Zonex.com/assets/portfolio_images/f7c5fc41bb4c71ab2adae86cd2e39c80.jpg]
[www.Zonex.com/blogs/category/web-development/website-design/index.html]
[www.Zonex.com/project/1149/pokmon-detection-and-strategy-suggestion-ai-project.html]
[www.Zonex.com/blogs/a-comprehensive-guide-to-understanding-push-notifications-in-ios/index.html]
[www.Zonex.com/assets/portfolio_images/400x400/296bd8bd865af8f1fabc224af5d901e91.jpg]
[www.Zonex.com/blogs/category/ios/index.html]
[www.Zonex.com/assets/portfolio_images/296bd8bd865af8f1fabc224af5d901e91.jpg]
[www.Zonex.com/blogs/category/ios/notifications/index.html]
[www.Zonex.com/blogs/the-best-emulator-for-your-website-design-and-development/index.html]
[www.Zonex.com/project/1147/admin-panel.html]
[www.Zonex.com/blogs/category/web-development/index.html]
[www.Zonex.com/assets/portfolio_images/400x400/825e99147becd0dbd5b960e564c944cd.jpg]
[www.Zonex.com/blogs/5-lead-generation-techniques-for-b2b-sales-leads/index.html]
[www.Zonex.com/assets/portfolio_images/825e99147becd0dbd5b960e564c944cd.jpg]
[www.Zonex.com/blogs/category/leads/b2b-sales/index.html]
[www.Zonex.com/blogs/category/leads/index.html]
[www.Zonex.com/project/1136/boat-booking-platform.html]
[www.Zonex.com/assets/portfolio_images/400x400/4e974e7d41830537590b6c939c47fd8a.png]
[www.Zonex.com/blogs/10-tips-on-making-your-crm-system-user-friendly/index.html]
[www.Zonex.com/assets/portfolio_images/4e974e7d41830537590b6c939c47fd8a.png]
[www.Zonex.com/project/1141/table-reservation-tablet-app-for-restaurants.html]
[www.Zonex.com/assets/portfolio_images/400x400/ea720f9dc9aa482e89ac6496d36c40ef1.png]
[www.Zonex.com/assets/portfolio_images/ea720f9dc9aa482e89ac6496d36c40ef1.png]
[www.Zonex.com/blogs/category/crm/index.html]
[www.Zonex.com/project/1146/diet-planner-website.html]
[www.Zonex.com/blogs/why-is-link-building-important-for-your-wordpress-site/index.html]
[www.Zonex.com/assets/portfolio_images/400x400/926fdf7efc8d0ee10a4d1d40bc32d264.jpg]
[www.Zonex.com/blogs/category/digital-marketing/link-building/index.html]
[www.Zonex.com/assets/portfolio_images/926fdf7efc8d0ee10a4d1d40bc32d264.jpg]
[www.Zonex.com/project/1137/seedling-app.html]
[www.Zonex.com/blogs/page/2/index.html]
[www.Zonex.com/assets/portfolio_images/400x400/c13bfee05246b9996ba62916b25dc56c.png]
[www.Zonex.com/blogs/page/3/index.html]
[www.Zonex.com/assets/portfolio_images/c13bfee05246b9996ba62916b25dc56c.png]
[www.Zonex.com/blogs/page/12/index.html]
[www.Zonex.com/project/1133/social-stock-website.html]
[www.Zonex.com/assets/portfolio_images/400x400/60bf0ede7fffa1a8ee02c6a6aa09b1db.jpg]
[www.Zonex.com/assets/portfolio_images/60bf0ede7fffa1a8ee02c6a6aa09b1db.jpg]
[www.Zonex.com/project/1138/mro-mobile-app-for-aviation-industry.html]
[www.Zonex.com/assets/portfolio_images/400x400/8acbf85698dd3b8a4395d68cf2e391c2.png]
[www.Zonex.com/assets/portfolio_images/8acbf85698dd3b8a4395d68cf2e391c2.png]
[www.Zonex.com/project/1132/barber-appointment-app.html]
[www.Zonex.com/assets/portfolio_images/400x400/7b1352243ab376974587bb58ebead823.jpg]
[www.Zonex.com/assets/portfolio_images/7b1352243ab376974587bb58ebead823.jpg]
[www.Zonex.com/project/1131/ecommerce-app.html]
[www.Zonex.com/assets/portfolio_images/400x400/520f6036884f0668afe1dc0b43735247.jpg]
[www.Zonex.com/assets/portfolio_images/520f6036884f0668afe1dc0b43735247.jpg]
[www.Zonex.com/project/1124/cab-app.html]
[www.Zonex.com/assets/portfolio_images/400x400/072d0e5b2434ba7d13e189af73dea282.jpg]
[www.Zonex.com/assets/portfolio_images/072d0e5b2434ba7d13e189af73dea282.jpg]
[www.Zonex.com/project/1128/banking-app.html]
[www.Zonex.com/assets/portfolio_images/400x400/a66f1482cc6b7152aa4e922c5937f9f8.jpg]
[www.Zonex.com/assets/portfolio_images/a66f1482cc6b7152aa4e922c5937f9f8.jpg]
[www.Zonex.com/project/1120/hotel-reservation-system.html]
[www.Zonex.com/assets/portfolio_images/400x400/e6db1da496fdd929ed243891aff2988f.jpg]
[www.Zonex.com/assets/portfolio_images/e6db1da496fdd929ed243891aff2988f.jpg]
[www.Zonex.com/project/1112/data-visualization-website.html]
[www.Zonex.com/assets/portfolio_images/400x400/13bbd2245af2bd349ecff34898eeecb4.jpg]
[www.Zonex.com/assets/portfolio_images/13bbd2245af2bd349ecff34898eeecb4.jpg]
[www.Zonex.com/project/1127/news-app.html]
[www.Zonex.com/assets/portfolio_images/400x400/605151bf8442ecae10d7ee79d29395f5.jpg]
[www.Zonex.com/assets/portfolio_images/605151bf8442ecae10d7ee79d29395f5.jpg]
[www.Zonex.com/project/1119/covid19-app-and-crm.html]
[www.Zonex.com/assets/portfolio_images/400x400/1898c4a2649dbcb7dc201ce62e8eb6b1.jpg]
[www.Zonex.com/assets/portfolio_images/1898c4a2649dbcb7dc201ce62e8eb6b1.jpg]
[www.Zonex.com/project/1121/pho-pro.html]
[www.Zonex.com/assets/portfolio_images/400x400/0c9b38cfdf82104377aa622940054eaf.jpg]
[www.Zonex.com/assets/portfolio_images/0c9b38cfdf82104377aa622940054eaf.jpg]
[www.Zonex.com/project/1126/food-ordering-app.html]
[www.Zonex.com/assets/portfolio_images/400x400/b721872c767e99a4a3f6f0ea2071e75a.jpg]
[www.Zonex.com/assets/portfolio_images/b721872c767e99a4a3f6f0ea2071e75a.jpg]
[www.Zonex.com/project/1125/online-chatting-app.html]
[www.Zonex.com/assets/portfolio_images/400x400/3b35654ffabc2e13c90813f320c6c162.jpg]
[www.Zonex.com/assets/portfolio_images/3b35654ffabc2e13c90813f320c6c162.jpg]
[www.Zonex.com/project/1111/ecommerce-website.html]
[www.Zonex.com/assets/portfolio_images/400x400/44b8c0c0cdb319048461bf35b9c72929.png]
[www.Zonex.com/assets/portfolio_images/44b8c0c0cdb319048461bf35b9c72929.png]
[www.Zonex.com/project/1118/charts-and-maps.html]
[www.Zonex.com/assets/portfolio_images/400x400/ed21054f591963618d331488eba0b61c.jpg]
[www.Zonex.com/assets/portfolio_images/ed21054f591963618d331488eba0b61c.jpg]
[www.Zonex.com/project/1117/vowels-india.html]
[www.Zonex.com/assets/portfolio_images/400x400/d7d63e98a547d05a8842ca888c6c801a.jpg]
[www.Zonex.com/assets/portfolio_images/d7d63e98a547d05a8842ca888c6c801a.jpg]
[www.Zonex.com/project/1116/float-rfq-website.html]
[www.Zonex.com/assets/portfolio_images/400x400/15b3e1027d0b98ea0fe20ca7a24a4b00.jpg]
[www.Zonex.com/assets/portfolio_images/15b3e1027d0b98ea0fe20ca7a24a4b00.jpg]
[www.Zonex.com/project/1114/emergence-team-website.html]
[www.Zonex.com/assets/portfolio_images/400x400/f8582f44e60cd1c13558aefa65302610.png]
[www.Zonex.com/assets/portfolio_images/f8582f44e60cd1c13558aefa65302610.png]
[www.Zonex.com/portfolio.html]
[www.Zonex.com/blogs/wp-json/wp/v2/pages/6815.json]
[www.Zonex.com/blogs/wp-json/oembed/1.0/embed2959.json]
[www.Zonex.com/blogs/wp-json/oembed/1.0/embed2523]
[www.Zonex.com/blogs/wp-content/uploads/2021/12/3f3a8b832d996ee58c09eb06640d230d.png]
[www.Zonex.com/blogs/wp-content/uploads/2024/03/95a84fce9238bce4f29193bc3e5ee46c.png]
[www.Zonex.com/blogs/wp-content/uploads/2024/03/Group-108.png]
[www.Zonex.com/blogs/wp-content/cache/autoptimize/css/autoptimize_12d8e8fb6f5cae11336c0802a8302071.css]
[www.Zonex.com/blogs/wp-content/uploads/2021/12/9c3ed4527615b832ff909e1d2736c89c.png]
[www.Zonex.com/blogs/wp-content/uploads/2024/03/logo_landscape-1.png]
[www.Zonex.com/blogs/wp-content/uploads/2024/03/34b4e653907c43d34b17b2c279459bd6.png]
[www.Zonex.com/blogs/wp-content/uploads/2021/12/eb709a6c4a088fd56158e40bd5eef365.png]
[www.Zonex.com/blogs/wp-content/uploads/2021/12/30bc76baa6cb366e5bb4afa4d8e3bde2.png]
[www.Zonex.com/blogs/wp-content/uploads/2021/12/bd839cde63c6eca5f9f5e27dfcf98bcb.jpg]
[www.Zonex.com/blogs/wp-content/uploads/2021/12/232a59708dd22b61257f6ea08f3dabec.png]
[www.Zonex.com/blogs/wp-content/uploads/2021/12/dd3e454dc4bd5f23609b423c6121ba2e.jpg]
[www.Zonex.com/blogs/wp-content/uploads/2021/12/bbce61bef397d7ee016ff566180112a0.png]
[www.Zonex.com/blogs/wp-content/uploads/2021/12/1242x2688bb-1-scaled.jpg]
[www.Zonex.com/blogs/wp-content/uploads/2021/12/1242x2688bb-2-scaled.jpg]
[www.Zonex.com/blogs/wp-content/uploads/2021/12/1242x2688bb-3-scaled.jpg]
[www.Zonex.com/blogs/wp-content/uploads/2021/12/1242x2688bb-4-scaled.jpg]
[www.Zonex.com/blogs/wp-content/uploads/2021/12/1242x2688bb-5-scaled.jpg]
[www.Zonex.com/blogs/wp-content/uploads/2021/12/1242x2688bb-6-scaled.jpg]
[www.Zonex.com/blogs/wp-content/uploads/2021/12/Thumbnail-Youtube.png]
[www.Zonex.com/blogs/wp-content/uploads/2021/12/Project-Management-Tips-600x400-1.jpg]
[www.Zonex.com/blogs/wp-content/uploads/2021/12/land_page_right_img-2.png]
[www.Zonex.com/blogs/testimonials/index.html]
[www.Zonex.com/blogs/wp-content/cache/autoptimize/js/autoptimize_b40b60c6fe4f7c904a783f449c1a27c2.js]
[www.Zonex.com/assets/case_study/img/portfolio/elexoft-apps.png]
[www.Zonex.com/assets/case_study/img/portfolio/investociety/2-min2.png]
[www.Zonex.com/assets/case_study/img/portfolio/investociety/7-min2.png]
[www.Zonex.com/assets/case_study/img/portfolio/investociety/4-min2.png]
[www.Zonex.com/assets/case_study/img/portfolio/investociety/3-min2.png]
[www.Zonex.com/assets/case_study/img/portfolio/investociety/8-min2.png]
[www.Zonex.com/assets/case_study/img/portfolio/investociety/1-min2.png]
[www.Zonex.com/assets/case_study/img/portfolio/ecommerce/1-min2.png]
[www.Zonex.com/assets/case_study/img/portfolio/ecommerce/4-min2.png]
[www.Zonex.com/assets/case_study/img/portfolio/ecommerce/8-min2.png]
[www.Zonex.com/assets/case_study/img/portfolio/investociety/web/4-min.png]
[www.Zonex.com/assets/case_study/img/portfolio/investociety/web/12-min.png]
[www.Zonex.com/assets/case_study/img/portfolio/investociety/web/14-min.png]
[www.Zonex.com/assets/case_study/img/portfolio/investociety/web/15-min.png]
[www.Zonex.com/assets/case_study/img/portfolio/barber/3-min.png]
[www.Zonex.com/assets/case_study/img/portfolio/barber/13-min2.png]
[www.Zonex.com/assets/case_study/img/portfolio/barber/4-min.png]
[www.Zonex.com/assets/case_study/img/portfolio/barber/2-min.png]
[www.Zonex.com/featured/case-study.html]
[www.Zonex.com/assets/case_study/js/gsap-main2c97.js]
[www.Zonex.com/assets/team_images/ee328ddccb382ff9c6a161d0ceafcbf7.jpg]
[www.Zonex.com/assets/team_images/05ad833f4ac95404d857eb5e0eb10541.jpg]
[www.Zonex.com/assets/team_images/c771c27e4d30630d635844cc8b4d723b.jpg]
[www.Zonex.com/assets/team_images/12ab6e6175cd79d00555eef8453d7064.jpg]
[www.Zonex.com/assets/team_images/27bcbbb51c6e879c8284614b7994e378.jpg]
[www.Zonex.com/assets/team_images/6d1fb656f7543ecdffff387c66d71568.jpg]
[www.Zonex.com/assets/team_images/4087d07d9bdb6561531d321ff9c4a9a9.jpg]
[www.Zonex.com/assets/team_images/f228dfa171d8396feefb60707804f304.jpg]
[www.Zonex.com/assets/team_images/ed3f980d8d29fab49bfdc40458f2ab21.png]
[www.Zonex.com/assets/team_images/b61ebb34a8a8ab06720f9d27e7007f13.jpg]
[www.Zonex.com/assets/team_images/875ab279263f2204d2e62efee642a2b4.jpg]
[www.Zonex.com/assets/team_images/1a077c40d8a114a35bcea425e6faa34e.jpg]
[www.Zonex.com/assets/team_images/6b2f843d90e28977fd50b5f59bfa3110.jpg]
[www.Zonex.com/assets/team_images/bd07f69f836d83f85dc3a5b4a3f8e01a.jpg]
[www.Zonex.com/assets/team_images/6a298e90ce85e9bc7f33d2221e3aefd9.jpg]
[www.Zonex.com/assets/team_images/07f828ddcdb427502b28d28379c5c93f.jpg]
[www.Zonex.com/assets/team_images/b0cf0024f539dcdb0f6ff436958e573f.jpg]
[www.Zonex.com/assets/team_images/7bb5923a7a82223f203f9fb97f282726.jpg]
[www.Zonex.com/assets/team_images/c9a128babfba6fae68846a49115b398f.jpg]
[www.Zonex.com/team.html]
[www.Zonex.com/contact.html]
[www.Zonex.com/project/1139/.html]
[www.Zonex.com/assets/portfolio_images/2e7dc742835aada0343ff153f76429ca.jpg]
[www.Zonex.com/assets/portfolio_images/07a1837389630e0c89454c2363ebd1a6.jpg]
[www.Zonex.com/assets/portfolio_images/3daace9028b657bcdd0d08a50dbb6672.jpg]
[www.Zonex.com/assets/portfolio_images/3daace9028b657bcdd0d08a50dbb66721.jpg]
[www.Zonex.com/assets/portfolio_images/7178102f446640f3b4afcbb03b4607ea.jpg]
[www.Zonex.com/assets/portfolio_images/c9fee9701c0d44994b64fdda92f31705.jpg]
[www.Zonex.com/assets/portfolio_images/b7f1a8bea1bac4f2db957e4e2832aa59.jpg]
[www.Zonex.com/assets/portfolio_images/adeb8e7d64ed3bf7c299f8bc44b081d5.jpg]
[www.Zonex.com/assets/portfolio_images/adeb8e7d64ed3bf7c299f8bc44b081d51.jpg]
[www.Zonex.com/assets/portfolio_images/48c1ec330f41ee141881f5fb29b112a1.jpg]
[www.Zonex.com/assets/portfolio_images/2e7dc742835aada0343ff153f76429ca1.jpg]
[www.Zonex.com/assets/portfolio_images/ed827bf443aef4d18d9644ad184eed7b.jpg]
[www.Zonex.com/assets/portfolio_images/200x200/sound.jpeg]
[www.Zonex.com/assets/portfolio_images/200x200/italian.jpeg]
[www.Zonex.com/assets/portfolio_images/200x200/map.jpeg]
[www.Zonex.com/assets/portfolio_images/200x200/K-Circle.jpg]
[www.Zonex.com/assets/portfolio_images/200x200/hotelroom.jpg]
[www.Zonex.com/assets/portfolio_images/200x200/bangkok.jpg]
[www.Zonex.com/assets/portfolio_images/200x200/Radius.jpg]
[www.Zonex.com/assets/portfolio_images/200x200/superwin.jpg]
[www.Zonex.com/assets/portfolio_images/200x200/hotel.jpg]
[www.Zonex.com/assets/portfolio_images/200x200/responsive.jpeg]
[www.Zonex.com/assets/portfolio_images/200x200/zafareng.jpg]
[www.Zonex.com/assets/portfolio_images/200x200/8d33e10f14d8ce665138c22f43bba39e.png]
[www.Zonex.com/#]
[www.Zonex.com/project/1143/.html]
[www.Zonex.com/assets/portfolio_images/70eb50776ce423c8080116767904233c1.jpg]
[www.Zonex.com/assets/portfolio_images/ba400751f5a9c6d6c7edf7e4c872e4091.jpg]
[www.Zonex.com/assets/portfolio_images/70eb50776ce423c8080116767904233c.jpg]
[www.Zonex.com/assets/portfolio_images/989958c7528d8284c60c49fc6015ae4c.jpg]
[www.Zonex.com/assets/portfolio_images/989958c7528d8284c60c49fc6015ae4c1.jpg]
[www.Zonex.com/assets/portfolio_images/8be2f0b3d1e50175e0c68d614d14fb1f.jpg]
[www.Zonex.com/assets/portfolio_images/ba400751f5a9c6d6c7edf7e4c872e409.jpg]
[www.Zonex.com/#]
[www.Zonex.com/project/1140/.html]
[www.Zonex.com/assets/portfolio_images/23c342277d8e6b4da7fd6705aad26161.jpg]
[www.Zonex.com/assets/portfolio_images/aeadcace7e957f54cc321c359cf6c2561.jpg]
[www.Zonex.com/assets/portfolio_images/aeadcace7e957f54cc321c359cf6c2563.jpg]
[www.Zonex.com/assets/portfolio_images/aeadcace7e957f54cc321c359cf6c2562.jpg]
[www.Zonex.com/assets/portfolio_images/aeadcace7e957f54cc321c359cf6c256.jpg]
[www.Zonex.com/assets/portfolio_images/f3613de214800aa46091a1ed717d1fb81.jpg]
[www.Zonex.com/assets/portfolio_images/5ace9b48e8b13233540ac0ebfbe6b096.jpg]
[www.Zonex.com/assets/portfolio_images/754d9bf90059b7902f3fc06ba8cf7a381.jpg]
[www.Zonex.com/#]
[www.Zonex.com/project/1135/.html]
[www.Zonex.com/assets/portfolio_images/a72f596e06fd9c20b55421fab851a576.png]
[www.Zonex.com/assets/portfolio_images/11677b207699dff286d1edb661afc5ea1.png]
[www.Zonex.com/assets/portfolio_images/e6c4c4e5cccddcd590d00fbec76dbc52.png]
[www.Zonex.com/assets/portfolio_images/11677b207699dff286d1edb661afc5ea.png]
[www.Zonex.com/assets/portfolio_images/e8114410269cd21c2ec9989f55d4b053.png]
[www.Zonex.com/assets/portfolio_images/7bed8144a8acb8c1b5c1809f0044f923.png]
[www.Zonex.com/assets/portfolio_images/3897ff7475cfc394cb7aba58369be720.png]
[www.Zonex.com/assets/portfolio_images/6c705874855db509186fa1e617c4cd0c.png]
[www.Zonex.com/assets/portfolio_images/2bbe5a46553c646a85eef13cefbd7e1c.png]
[www.Zonex.com/#]
[www.Zonex.com/project/1148/.html]
[www.Zonex.com/assets/portfolio_images/234fdf836294806318d876056df663261.jpg]
[www.Zonex.com/assets/portfolio_images/234fdf836294806318d876056df66326.jpg]
[www.Zonex.com/assets/portfolio_images/cb8934b298a82fec096b20e11e1b9ad2.jpg]
[www.Zonex.com/assets/portfolio_images/cb8934b298a82fec096b20e11e1b9ad21.jpg]
[www.Zonex.com/assets/portfolio_images/b60df1f1eb268f029f044da7b361c1841.jpg]
[www.Zonex.com/assets/portfolio_images/b60df1f1eb268f029f044da7b361c184.jpg]
[www.Zonex.com/assets/portfolio_images/234fdf836294806318d876056df663262.jpg]
[www.Zonex.com/assets/portfolio_images/c805ff1a21d8a03f8b9c5c4f0db23b69.jpg]
[www.Zonex.com/assets/portfolio_images/53cedc75f838968c4b42883c8903753c.jpg]
[www.Zonex.com/#]
[www.Zonex.com/project/1129/.html]
[www.Zonex.com/assets/portfolio_images/62b0adf697c256481aaf7b2b76a196c9.jpg]
[www.Zonex.com/assets/portfolio_images/161737240a6842b06902aac93419bdb313.png]
[www.Zonex.com/assets/portfolio_images/161737240a6842b06902aac93419bdb310.png]
[www.Zonex.com/assets/portfolio_images/161737240a6842b06902aac93419bdb31.png]
[www.Zonex.com/assets/portfolio_images/161737240a6842b06902aac93419bdb33.png]
[www.Zonex.com/assets/portfolio_images/161737240a6842b06902aac93419bdb32.png]
[www.Zonex.com/assets/portfolio_images/1ad6f2d7dfb2560e1f19f2b84f27dc97.png]
[www.Zonex.com/assets/portfolio_images/161737240a6842b06902aac93419bdb39.png]
[www.Zonex.com/assets/portfolio_images/161737240a6842b06902aac93419bdb36.png]
[www.Zonex.com/assets/portfolio_images/161737240a6842b06902aac93419bdb37.png]
[www.Zonex.com/assets/portfolio_images/161737240a6842b06902aac93419bdb38.png]
[www.Zonex.com/assets/portfolio_images/161737240a6842b06902aac93419bdb317.png]
[www.Zonex.com/assets/portfolio_images/161737240a6842b06902aac93419bdb34.png]
[www.Zonex.com/assets/portfolio_images/161737240a6842b06902aac93419bdb318.png]
[www.Zonex.com/assets/portfolio_images/161737240a6842b06902aac93419bdb312.png]
[www.Zonex.com/assets/portfolio_images/161737240a6842b06902aac93419bdb319.png]
[www.Zonex.com/assets/portfolio_images/161737240a6842b06902aac93419bdb311.png]
[www.Zonex.com/assets/portfolio_images/161737240a6842b06902aac93419bdb314.png]
[www.Zonex.com/assets/portfolio_images/161737240a6842b06902aac93419bdb315.png]
[www.Zonex.com/assets/portfolio_images/161737240a6842b06902aac93419bdb316.png]
[www.Zonex.com/assets/portfolio_images/161737240a6842b06902aac93419bdb35.png]
[www.Zonex.com/assets/portfolio_images/93c6b49752cfab1abdd4cc2692e88c24.jpg]
[www.Zonex.com/#]
[www.Zonex.com/project/1134/.html]
[www.Zonex.com/assets/portfolio_images/ba1908dbd555730c39aa642dfb805afd3.png]
[www.Zonex.com/assets/portfolio_images/ba1908dbd555730c39aa642dfb805afd.png]
[www.Zonex.com/assets/portfolio_images/ba1908dbd555730c39aa642dfb805afd6.png]
[www.Zonex.com/assets/portfolio_images/ba1908dbd555730c39aa642dfb805afd4.png]
[www.Zonex.com/assets/portfolio_images/ba1908dbd555730c39aa642dfb805afd7.png]
[www.Zonex.com/assets/portfolio_images/ba1908dbd555730c39aa642dfb805afd8.png]
[www.Zonex.com/assets/portfolio_images/ba1908dbd555730c39aa642dfb805afd5.png]
[www.Zonex.com/assets/portfolio_images/ba1908dbd555730c39aa642dfb805afd1.png]
[www.Zonex.com/assets/portfolio_images/ba1908dbd555730c39aa642dfb805afd2.png]
[www.Zonex.com/assets/portfolio_images/ba1908dbd555730c39aa642dfb805afd9.png]
[www.Zonex.com/#]
[www.Zonex.com/project/1122/.html]
[www.Zonex.com/assets/portfolio_images/87df6964d509d9d3fd7630520c9611fa7.png]
[www.Zonex.com/assets/portfolio_images/87df6964d509d9d3fd7630520c9611fa1.png]
[www.Zonex.com/assets/portfolio_images/87df6964d509d9d3fd7630520c9611fa.png]
[www.Zonex.com/assets/portfolio_images/87df6964d509d9d3fd7630520c9611fa2.png]
[www.Zonex.com/assets/portfolio_images/87df6964d509d9d3fd7630520c9611fa14.png]
[www.Zonex.com/assets/portfolio_images/87df6964d509d9d3fd7630520c9611fa13.png]
[www.Zonex.com/assets/portfolio_images/87df6964d509d9d3fd7630520c9611fa12.png]
[www.Zonex.com/assets/portfolio_images/87df6964d509d9d3fd7630520c9611fa11.png]
[www.Zonex.com/assets/portfolio_images/87df6964d509d9d3fd7630520c9611fa10.png]
[www.Zonex.com/assets/portfolio_images/87df6964d509d9d3fd7630520c9611fa9.png]
[www.Zonex.com/assets/portfolio_images/87df6964d509d9d3fd7630520c9611fa8.png]
[www.Zonex.com/assets/portfolio_images/87df6964d509d9d3fd7630520c9611fa6.png]
[www.Zonex.com/assets/portfolio_images/87df6964d509d9d3fd7630520c9611fa5.png]
[www.Zonex.com/assets/portfolio_images/87df6964d509d9d3fd7630520c9611fa4.png]
[www.Zonex.com/assets/portfolio_images/87df6964d509d9d3fd7630520c9611fa3.png]
[www.Zonex.com/assets/portfolio_images/87df6964d509d9d3fd7630520c9611fa15.png]
[www.Zonex.com/assets/portfolio_images/9112c79e7b30aec884956ef033c8d9a3.jpg]
[www.Zonex.com/#]
[www.Zonex.com/project/1144/.html]
[www.Zonex.com/assets/portfolio_images/5887b519c23a269886fbaca697dec8d1.jpg]
[www.Zonex.com/assets/portfolio_images/9ef9857ff0868275a67a0af1dd7613d7.jpg]
[www.Zonex.com/assets/portfolio_images/6f210c70c46812c54ea7af6fb60e4c4f.jpg]
[www.Zonex.com/assets/portfolio_images/bb99a34582cadcda4fd98fedb8e6d9b51.jpg]
[www.Zonex.com/assets/portfolio_images/bb99a34582cadcda4fd98fedb8e6d9b5.jpg]
[www.Zonex.com/#]
[www.Zonex.com/project/1151/.html]
[www.Zonex.com/assets/portfolio_images/1879cf8dd6c8714ca393165e4218147e.jpg]
[www.Zonex.com/assets/portfolio_images/e7f82cdae5df4c99eebbfec04cc72a4e.jpg]
[www.Zonex.com/assets/portfolio_images/515a1ca684a56eeeef6b32aa05ca7b12.jpg]
[www.Zonex.com/assets/portfolio_images/515a1ca684a56eeeef6b32aa05ca7b121.jpg]
[www.Zonex.com/assets/portfolio_images/aaa1bd9f6f5d5aa556d28b49c499917d.jpg]
[www.Zonex.com/assets/portfolio_images/bef3f18ee5a8bad6d198d5fdc21d639f.jpg]
[www.Zonex.com/#]
[www.Zonex.com/project/1150/.html]
[www.Zonex.com/assets/portfolio_images/85bbbc5dad0ad41431e05d564082f9052.png]
[www.Zonex.com/assets/portfolio_images/b0a03a58636d17f14905c786a9210648.png]
[www.Zonex.com/assets/portfolio_images/2253796209849c9fbede0568a3c8347a.png]
[www.Zonex.com/assets/portfolio_images/f28decf52689e3b8db53e57b51b04b06.png]
[www.Zonex.com/assets/portfolio_images/2253796209849c9fbede0568a3c8347a1.png]
[www.Zonex.com/assets/portfolio_images/b5fa4ebf14ef1f366676091bf2d3e2d6.png]
[www.Zonex.com/assets/portfolio_images/9f9c4aa3651d1f77afde6cff3ff711f71.png]
[www.Zonex.com/assets/portfolio_images/d6fd4b6df559763e9b09139d09d25d5f.png]
[www.Zonex.com/assets/portfolio_images/85bbbc5dad0ad41431e05d564082f9051.png]
[www.Zonex.com/assets/portfolio_images/b0a03a58636d17f14905c786a92106481.png]
[www.Zonex.com/assets/portfolio_images/9f9c4aa3651d1f77afde6cff3ff711f7.png]
[www.Zonex.com/assets/portfolio_images/85bbbc5dad0ad41431e05d564082f905.png]
[www.Zonex.com/#]
[www.Zonex.com/project/1142/.html]
[www.Zonex.com/assets/portfolio_images/8d33e10f14d8ce665138c22f43bba39e1.png]
[www.Zonex.com/assets/portfolio_images/769bf8c68d2d10e41864aae9b705fe6f1.png]
[www.Zonex.com/assets/portfolio_images/fe71e05af0f4fc6258e43b176ab88566.png]
[www.Zonex.com/assets/portfolio_images/5f537fc21feeef588b71f9923f62d649.png]
[www.Zonex.com/assets/portfolio_images/769bf8c68d2d10e41864aae9b705fe6f.png]
[www.Zonex.com/assets/portfolio_images/752de80b1db19b636ff629e9dad93f39.png]
[www.Zonex.com/project/1142/table-reservation-app-for-customers.html]
[www.Zonex.com/assets/case_study/img/portfolio/bg-stylish.jpg]
[www.Zonex.com/assets/case_study/img/portfolio/officepic-min.jpg]
[www.Zonex.com/assets/case_study/css/app2.css]
[www.Zonex.com/assets/case_study/js/gsap/gsap.min.js]
[www.Zonex.com/assets/case_study/js/gsap/ScrollTrigger.min.js]
[www.Zonex.com/assets/case_study/js/gsap-home2c97.js]
[www.Zonex.com/assets/flags/4x3/pk.svg]
[www.Zonex.com/assets/flags/4x3/us.svg]
[www.Zonex.com/assets/flags/4x3/de.svg]
[www.Zonex.com/mobile-app-development-services-in-usa.html]
[www.Zonex.com/mobile-app-development-services-in-uk.html]
[www.Zonex.com/mobile-app-development-services-in-germany.html]
[www.Zonex.com/mobile-app-development-services-in-canada.html]
[www.Zonex.com/website-development-services-in-usa.html]
[www.Zonex.com/website-development-services-in-uk.html]
[www.Zonex.com/website-development-services-in-germany.html]
[www.Zonex.com/website-development-services-in-canada.html]
[www.Zonex.com/mobile-app-development-services-in-cyprus.html]
[www.Zonex.com/assets/scrollingAnimation/viewportchecker.js]
[www.Zonex.com/assets/js/script.js]
[www.Zonex.com/assets/aos/aos.js]
[www.Zonex.com/assets/js/jquery.touchSwipe.min.js]
[www.Zonex.com/assets/js/responsive_bootstrap_carousel.js]
[www.Zonex.com/assets/js/bootstrap-image-gallery.min.js]
[www.Zonex.com/assets/fontawesome/webfonts/fa-brands-400.svg]
[www.Zonex.com/assets/fontawesome/webfonts/fa-regular-400.svg]
[www.Zonex.com/assets/fontawesome/webfonts/fa-solid-900.svg]
[www.Zonex.com/assets/images/lightbox/loading.html]
[www.Zonex.com/assets/images/lightbox/prev.html]
[www.Zonex.com/assets/images/lightbox/next.html]
[www.Zonex.com/assets/images/lightbox/close.html]
[www.Zonex.com/assets/images/lightbox/loading@2x.html]
[www.Zonex.com/assets/images/lightbox/prev@2x.html]
[www.Zonex.com/assets/images/lightbox/next@2x.html]
[www.Zonex.com/assets/images/lightbox/close@2x.html]
[www.Zonex.com/assets/images/icons/grabbing.html]
[www.Zonex.com/assets/images/icons/ajaxloader.html]
[www.Zonex.com/Version/index.html]
[www.Zonex.com/assets/intlinput/img/flags.png]
[www.Zonex.com/assets/intlinput/img/flags@2x.png]
[www.Zonex.com/assets/intlinput/css/intlTelInput.css]
[www.Zonex.com/assets/intlinput/js/intlTelInput.js]
[www.Zonex.com/assets/js/form-validator.min.js]
[www.Zonex.com/assets/js/contact-form-script.js]
[www.Zonex.com/blogs/wp-content/themes/salient/css/fonts/fontawesome-webfont3ea6.eot]
[www.Zonex.com/blogs/wp-content/themes/salient/css/fonts/fontawesome-webfont.eot]
[www.Zonex.com/blogs/wp-content/themes/salient/css/fonts/fontawesome-webfont.svg]
[www.Zonex.com/blogs/wp-content/themes/salient/css/fonts/fontawesome-webfont3ea6.woff]
[www.Zonex.com/blogs/wp-content/themes/salient/css/fonts/fontawesome-webfont3ea6.ttf]
[www.Zonex.com/blogs/wp-content/themes/salient/img/icons/loading-white-bg.gif]
[www.Zonex.com/blogs/wp-content/plugins/js_composer_salient/assets/fonts/vc_icons_v2/fonts/vcpb-plugin-iconsb82a.eot]
[www.Zonex.com/blogs/wp-content/plugins/js_composer_salient/assets/images/toggle_open.png]
[www.Zonex.com/blogs/wp-content/plugins/js_composer_salient/assets/images/toggle_close.png]
[www.Zonex.com/blogs/wp-content/plugins/js_composer_salient/assets/fonts/vc_grid/vc_grid_v157a1.eot]
[www.Zonex.com/blogs/wp-content/plugins/js_composer_salient/assets/fonts/vc_grid/vc_grid_v1.eot]
[www.Zonex.com/blogs/wp-content/plugins/js_composer_salient/assets/images/spinner.gif]
[www.Zonex.com/blogs/wp-content/plugins/js_composer_salient/assets/vc/tick.png]
[www.Zonex.com/blogs/wp-content/plugins/js_composer_salient/assets/vc/remove.png]
[www.Zonex.com/blogs/wp-content/cache/autoptimize/css/autoptimize_8937a58cd73857a7da26fd64fdc50bc5.css]
[www.Zonex.com/blogs/wp-content/cache/autoptimize/css/autoptimize_single_ca1d5dc48253dfeb847a9569d70474ef574b.css]
[www.Zonex.com/blogs/wp-includes/js/jquery/jquery.minf43b.js]
[www.Zonex.com/blogs/wp-content/uploads/2024/08/Artificial-Intelligence-in-the-IT-Industry-Opportunities-and-Challenges.png]
[www.Zonex.com/blogs/wp-content/cache/autoptimize/css/autoptimize_01e506743039e2c54f158d8c348c0c98.css]
[www.Zonex.com/blogs/artificial-intelligence-in-the-it-industry-opportunities-and-challenges/feed/index.html]
[www.Zonex.com/blogs/wp-json/wp/v2/posts/7510.json]
[www.Zonex.com/blogs/wp-json/oembed/1.0/embedfe07.json]
[www.Zonex.com/blogs/wp-json/oembed/1.0/embedbc11]
[www.Zonex.com/blogs/wp-content/uploads/2022/08/thumbnail_Image.-600x403.png]
[www.Zonex.com/blogs/tag/ai/index.html]
[www.Zonex.com/blogs/wp-content/uploads/2022/06/pexels-alex-knight-2599244-600x403.jpg]
[www.Zonex.com/blogs/wp-content/uploads/2020/11/pexels-joao-jesus-4198370-1-100x100.jpg]
[www.Zonex.com/blogs/tag/future/index.html]
[www.Zonex.com/blogs/tag/it-industry/index.html]
[www.Zonex.com/blogs/wp-content/uploads/2022/02/andy-kelly-0E_vhMVqL9g-unsplash-600x403.jpg]
[www.Zonex.com/blogs/how-ai-based-tools-are-playing-an-important-role-in-the-field-of-content-writing/index.html]
[www.Zonex.com/blogs/category/digital-marketing/content-marketing/index.html]
[www.google.com/recaptcha/api60a6.js]
[www.Zonex.com/blogs/artificial-intelligence-vs-robots/index.html]
[www.Zonex.com/blogs/author/kainat-arshad/index.html]
[www.Zonex.com/blogs/artificial-intelligence-in-the-it-industry-opportunities-and-challenges/index.html]
[www.Zonex.com/blogs/wp-content/cache/autoptimize/js/autoptimize_1df05e64bb0d85a55166048096b26003.js]
[www.Zonex.com/blogs/category/artificial-intelligence/machine-learning/index.html]
[www.Zonex.com/blogs/6-business-benefits-of-machine-learning/index.html]
[www.Zonex.com/blogs/wp-json/wp/v2/categories/441.json]
[www.Zonex.com/blogs/wp-content/cache/autoptimize/css/autoptimize_6faba874a549d586c7886c24e60fa5f0.css]
[www.Zonex.com/blogs/wp-content/uploads/2022/08/thumbnail_Image.-1024x490.png]
[www.Zonex.com/blogs/category/artificial-intelligence/feed/index.html]
[www.Zonex.com/blogs/wp-content/uploads/2022/06/pexels-alex-knight-2599244-1024x683.jpg]
[www.Zonex.com/blogs/wp-content/uploads/2022/02/andy-kelly-0E_vhMVqL9g-unsplash-1024x682.jpg]
[www.Zonex.com/blogs/category/artificial-intelligence/index.html]
[www.Zonex.com/blogs/wp-content/uploads/2021/10/user.png]
[www.Zonex.com/blogs/wp-content/cache/autoptimize/js/autoptimize_ef16afeb8daed9740b45302688b2495b.js]
[www.Zonex.com/blogs/author/james/page/2/index.html]
[www.Zonex.com/blogs/wp-json/wp/v2/users/3.json]
[www.Zonex.com/blogs/author/james/index.html]
[www.Zonex.com/blogs/author/james/feed/index.html]
[www.Zonex.com/blogs/wp-content/uploads/2024/05/How-to-Create-a-Custom-WooCommerce-Popup-Cart-with-Elementor.png]
[www.Zonex.com/blogs/author/james/page/3/index.html]
[www.Zonex.com/blogs/wp-json/wp/v2/posts/7495.json]
[www.Zonex.com/blogs/author/james/page/10/index.html]
[www.Zonex.com/blogs/how-to-create-a-custom-woocommerce-popup-cart-with-elementor/feed/index.html]
[www.Zonex.com/blogs/wp-json/oembed/1.0/embed86a2.json]
[www.Zonex.com/blogs/wp-json/oembed/1.0/embedd68c]
[www.Zonex.com/blogs/wp-content/uploads/2024/05/image.png]
[www.Zonex.com/blogs/how-to-create-a-custom-woocommerce-popup-cart-with-elementor/index.html]
[www.Zonex.com/blogs/wp-json/wp/v2/categories/548.json]
[www.Zonex.com/blogs/category/wordpress/woocommerce/index.html]
[www.Zonex.com/blogs/tag/popupcart/index.html]
[www.Zonex.com/blogs/tag/ecommerce/index.html]
[www.Zonex.com/blogs/category/wordpress/woocommerce/feed/index.html]
[www.Zonex.com/blogs/wp-json/wp/v2/categories/547.json]
[www.Zonex.com/blogs/category/wordpress/index.html]
[www.Zonex.com/blogs/category/wordpress/feed/index.html]
[www.Zonex.com/blogs/wp-json/wp/v2/posts/7484.json]
[www.Zonex.com/blogs/woocommerce-side-cart-a-simple-and-effective-way-to-boost-your-sales/feed/index.html]
[www.Zonex.com/blogs/wp-json/oembed/1.0/embeda2c3.json]
[www.Zonex.com/blogs/woocommerce-side-cart-a-simple-and-effective-way-to-boost-your-sales/index.html]
[www.Zonex.com/blogs/wp-json/oembed/1.0/embedb852]
[www.Zonex.com/blogs/tag/boost/index.html]
[www.Zonex.com/blogs/wp-json/wp/v2/posts/7476.json]
[www.Zonex.com/blogs/tag/sales/index.html]
[www.Zonex.com/blogs/tag/side-cart/index.html]
[www.Zonex.com/blogs/wp-json/oembed/1.0/embed60ac.json]
[www.Zonex.com/blogs/future-frontiers-the-role-of-digital-marketing-in-shaping-e-commerce-trends/feed/index.html]
[www.Zonex.com/blogs/wp-json/oembed/1.0/embed5a79]
[www.Zonex.com/blogs/wp-content/uploads/2023/12/7-Common-Digital-Marketing-Mistakes-and-How-to-Avoid-Them-600x403.jpg]
[www.Zonex.com/blogs/digital-marketing-plans/index.html]
[www.Zonex.com/blogs/wp-content/uploads/2023/12/Firefly-create-an-image-for-this-Discover-the-essence-of-SEO-its-benefits-for-small-businesses-an-1-1-600x403.jpg]
[www.Zonex.com/blogs/tag/ecommerce-websites/index.html]
[www.Zonex.com/blogs/tag/marketing/index.html]
[www.Zonex.com/blogs/wp-content/uploads/2022/12/pexels-dominika-roseclay-905163-600x403.jpg]
[www.Zonex.com/blogs/future-frontiers-the-role-of-digital-marketing-in-shaping-e-commerce-trends/index.html]
[www.Zonex.com/blogs/tag/social/index.html]
[www.Zonex.com/blogs/11-tips-to-improve-your-social-media-marketing-performance/index.html]
[www.Zonex.com/blogs/category/digital-marketing/social-media-marketing/index.html]
[www.Zonex.com/blogs/wp-json/wp/v2/categories/52.json]
[www.Zonex.com/blogs/category/digital-marketing/page/2/index.html]
[www.Zonex.com/blogs/wp-content/uploads/2022/12/pexels-dominika-roseclay-905163-1024x669.jpg]
[www.Zonex.com/blogs/category/digital-marketing/feed/index.html]
[www.Zonex.com/blogs/wp-content/uploads/2022/11/Image-3-1024x576.png]
[www.Zonex.com/blogs/wp-content/uploads/2022/11/image.jpg]
[www.Zonex.com/blogs/wp-content/uploads/2022/09/What-Is-Local-SEO-and-5-Reasons-Why-Its-Important-1024x683.png]
[www.Zonex.com/blogs/wp-content/uploads/2022/09/sticker-with-the-inscription-seo-in-female-hands-o-2022-08-01-04-52-48-utc-1024x682.jpg]
[www.Zonex.com/blogs/category/digital-marketing/index.html]
[www.Zonex.com/blogs/a-complete-guide-about-domain-authority-does-it-matter-in-website-rankings/index.html]
[www.Zonex.com/blogs/category/digital-marketing/seo/domain-authority/index.html]
[www.Zonex.com/blogs/what-is-visual-content-marketing-how-to-benefit-from-it/index.html]
[www.Zonex.com/blogs/what-is-local-seo-and-5-reasons-why-its-important/index.html]
[www.Zonex.com/blogs/wp-json/wp/v2/categories/33.json]
[www.Zonex.com/blogs/category/digital-marketing/seo/local-seo/index.html]
[www.Zonex.com/blogs/top-on-page-seo-tips-and-strategies-to-rank-higher/index.html]
[www.Zonex.com/blogs/wp-content/uploads/2022/06/Shopify-vs-Woocommerce-vs-Magento-2.jpg]
[www.Zonex.com/blogs/category/digital-marketing/page/3/index.html]
[www.Zonex.com/blogs/category/digital-marketing/page/6/index.html]
[www.Zonex.com/blogs/wp-content/uploads/2021/10/ecommerce-website-development-quick-guide-1024x611.png]
[www.Zonex.com/blogs/category/ecommerce/feed/index.html]
[www.Zonex.com/blogs/wp-content/uploads/2021/06/E-commerce-development-company-1024x519.jpg]
[www.Zonex.com/blogs/detailed-comparison-of-ecommerce-platforms-woocommerce-vs-magento-vs-shopify/index.html]
[www.Zonex.com/blogs/wp-content/uploads/2021/06/web-development-1024x576.jpg]
[www.Zonex.com/blogs/category/ecommerce/comparison/index.html]
[www.Zonex.com/blogs/wp-content/uploads/2019/10/unnamed.png]
[www.Zonex.com/blogs/category/ecommerce/index.html]
[www.Zonex.com/blogs/the-future-of-web-development/index.html]
[www.Zonex.com/blogs/wp-json/wp/v2/posts/7417.json]
[www.Zonex.com/blogs/e-commerce-website-development-in-pakistan-2021/index.html]
[www.Zonex.com/blogs/wp-json/oembed/1.0/embed2d4a.json]
[www.Zonex.com/blogs/category/custom-software-development/index.html]
[www.Zonex.com/blogs/category/software-company/index.html]
[www.Zonex.com/blogs/wp-json/oembed/1.0/embed07a0]
[www.Zonex.com/blogs/how-do-web-development-companies-help-to-sustain-online-presence/index.html]
[www.Zonex.com/blogs/wp-content/uploads/2022/07/Top-3-Places-Where-You-can-Find-Free-Keyword-Analysis-Resources-900x600.png]
[www.Zonex.com/blogs/category/web-development/services/index.html]
[www.Zonex.com/blogs/wp-content/uploads/2022/02/content-writing.jpg]
[www.Zonex.com/blogs/the-evolution-of-ecommerce/index.html]
[www.Zonex.com/blogs/optimize-seo-content-in-2024-that-increases-your-google-rankings/index.html]
[www.Zonex.com/blogs/author/saad/index.html]
[www.Zonex.com/blogs/optimize-seo-content-in-2024-that-increases-your-google-rankings/feed/index.html]
[www.Zonex.com/blogs/tag/google/index.html]
[www.Zonex.com/blogs/tag/optimize/index.html]
[www.Zonex.com/blogs/wp-json/wp/v2/categories/439.json]
[www.Zonex.com/blogs/top-3-places-where-you-can-find-free-keyword-analysis-resources/index.html]
[www.Zonex.com/blogs/wp-content/uploads/2022/07/Top-3-Places-Where-You-can-Find-Free-Keyword-Analysis-Resources-1024x683.png]
[www.Zonex.com/blogs/category/digital-marketing/keyword-analysis/index.html]
[www.Zonex.com/blogs/how-to-improve-your-content-localization-strategy-for-2022/index.html]
[www.Zonex.com/blogs/category/content-writing/index.html]
[www.Zonex.com/blogs/tag/seo/index.html]
[www.Zonex.com/blogs/category/google-rankings/index.html]
[www.Zonex.com/blogs/wp-json/wp/v2/categories/542.json]
[www.Zonex.com/blogs/category/content-writing/feed/index.html]
[www.Zonex.com/blogs/category/google-rankings/feed/index.html]
[www.Zonex.com/blogs/wp-json/wp/v2/categories/543.json]
[www.Zonex.com/blogs/category/digital-marketing/seo/seo-content/index.html]
[www.Zonex.com/blogs/category/digital-marketing/seo/seo-content/feed/index.html]
[www.Zonex.com/blogs/wp-content/uploads/2024/02/pasted-image-0.png]
[www.Zonex.com/blogs/wp-json/wp/v2/posts/7403.json]
[www.Zonex.com/blogs/maximizing-efficiency-unlocking-the-full-potential-of-netsuite-with-expert-optimization-services/feed/index.html]
[www.Zonex.com/blogs/wp-json/oembed/1.0/embed49b3.json]
[www.Zonex.com/blogs/maximizing-efficiency-unlocking-the-full-potential-of-netsuite-with-expert-optimization-services/index.html]
[www.Zonex.com/blogs/wp-json/oembed/1.0/embed145b]
[www.Zonex.com/blogs/wp-json/wp/v2/categories/541.json]
[www.Zonex.com/blogs/category/maximizing-efficiency/index.html]
[www.Zonex.com/blogs/tag/efficiency/index.html]
[www.Zonex.com/blogs/tag/optimization-services/index.html]
[www.Zonex.com/blogs/tag/performance/index.html]
[www.Zonex.com/blogs/tag/netsuite/index.html]
[www.Zonex.com/blogs/category/maximizing-efficiency/feed/index.html]
[www.Zonex.com/blogs/wp-json/wp/v2/categories/539.json]
[www.Zonex.com/blogs/category/optimization/index.html]
[www.Zonex.com/blogs/category/optimization/feed/index.html]
[www.Zonex.com/blogs/wp-json/wp/v2/posts/7398.json]
[www.Zonex.com/blogs/uncovering-the-benefits-of-qnap-cloud-backup/feed/index.html]
[www.Zonex.com/blogs/wp-json/oembed/1.0/embed7d26.json]
[www.Zonex.com/blogs/wp-json/oembed/1.0/embed5cda]
[www.Zonex.com/blogs/wp-content/uploads/2024/01/IMG_9009.jpg]
[www.Zonex.com/blogs/uncovering-the-benefits-of-qnap-cloud-backup/index.html]
[www.Zonex.com/blogs/wp-json/wp/v2/categories/532.json]
[www.Zonex.com/blogs/category/backup-data/index.html]
[www.Zonex.com/blogs/tag/cloud-storage/index.html]
[www.Zonex.com/blogs/tag/data/index.html]
[www.Zonex.com/blogs/tag/backup/index.html]
[www.Zonex.com/blogs/category/backup-data/feed/index.html]
[www.Zonex.com/blogs/wp-json/wp/v2/categories/533.json]
[www.Zonex.com/blogs/category/backup-data/cloud-backup/index.html]
[www.Zonex.com/blogs/category/backup-data/cloud-backup/feed/index.html]
[www.Zonex.com/blogs/wp-json/wp/v2/categories/534.json]
[www.Zonex.com/blogs/category/backup-data/secure-data/index.html]
[www.Zonex.com/blogs/wp-content/uploads/2023/12/7-Common-Digital-Marketing-Mistakes-and-How-to-Avoid-Them.jpg]
[www.Zonex.com/blogs/wp-json/wp/v2/posts/7390.json]
[www.Zonex.com/blogs/avoid-these-4-extremely-common-digital-marketing-mistakes/feed/index.html]
[www.Zonex.com/blogs/wp-json/oembed/1.0/embed973f.json]
[www.Zonex.com/blogs/category/backup-data/secure-data/feed/index.html]
[www.Zonex.com/blogs/wp-json/oembed/1.0/embed461f]
[www.Zonex.com/blogs/wp-content/uploads/2024/04/image-600x403.png]
[www.Zonex.com/blogs/avoid-these-4-extremely-common-digital-marketing-mistakes/index.html]
[www.Zonex.com/blogs/wp-json/wp/v2/posts/7384.json]
[www.Zonex.com/blogs/tag/avoid-mistakes/index.html]
[www.Zonex.com/blogs/tag/common-digital-marketing-mistakes/index.html]
[www.Zonex.com/blogs/how-an-seo-agency-first-tackles-a-campaign/feed/index.html]
[www.Zonex.com/blogs/wp-json/oembed/1.0/embed815a.json]
[www.Zonex.com/blogs/wp-json/oembed/1.0/embedf1bb]
[www.Zonex.com/blogs/wp-content/uploads/2023/12/The-21-Best-Marketing-Campaigns-Examples-Of-2022-ZenSuggest-1024x554.png]
[www.Zonex.com/blogs/how-an-seo-agency-first-tackles-a-campaign/index.html]
[www.Zonex.com/blogs/wp-json/wp/v2/categories/424.json]
[www.Zonex.com/blogs/tag/campaign/index.html]
[www.Zonex.com/blogs/tag/seo-agency/index.html]
[www.Zonex.com/blogs/category/digital-marketing/seo/page/2/index.html]
[www.Zonex.com/blogs/category/digital-marketing/seo/feed/index.html]
[www.Zonex.com/blogs/wp-content/uploads/2022/07/TopFive-Ways-to-Improve-your-Site-1024x683.png]
[www.Zonex.com/blogs/what-is-seo-top-five-ways-to-improve-your-sites-ranking-seo/index.html]
[www.Zonex.com/blogs/wp-content/uploads/2022/05/gdfdgd.png]
[www.Zonex.com/blogs/wp-content/uploads/2022/04/2-1-1024x576.png]
[www.Zonex.com/blogs/category/search-engine-optimization/index.html]
[www.Zonex.com/blogs/the-role-and-significance-of-seo-in-digital-marketing/index.html]
[www.Zonex.com/blogs/wp-content/uploads/2022/02/download.png]
[www.Zonex.com/blogs/digital-marketing-for-your-diamond-business-why-its-needed/index.html]
[www.Zonex.com/blogs/wp-content/uploads/2022/01/digital-marketing-5816304_960_720.jpg]
[www.Zonex.com/blogs/category/digital-marketing/seo/index.html]
[www.Zonex.com/blogs/top-4-seo-hacks-that-every-digital-marketer-should-know/index.html]
[www.Zonex.com/blogs/5-benefits-of-hiring-a-digital-marketing-agency/index.html]
[www.Zonex.com/blogs/wp-json/wp/v2/posts/7373.json]
[www.Zonex.com/blogs/essential-principles-of-good-website-design-a-comprehensive-guide/feed/index.html]
[www.Zonex.com/blogs/wp-json/oembed/1.0/embed3b91.json]
[www.Zonex.com/blogs/wp-json/oembed/1.0/embed5b4d]
[www.Zonex.com/blogs/wp-content/uploads/2023/03/The-Best-Emulator-for-Your-Website-Design-and-Development-600x403.png]
[www.Zonex.com/blogs/tag/web-design/index.html]
[www.Zonex.com/blogs/wp-content/uploads/2022/11/christopher-gower-m_HRfLhgABo-unsplash-600x403.jpg]
[www.Zonex.com/blogs/wp-content/uploads/2022/03/dsfsd-600x403.png]
[www.Zonex.com/blogs/essential-principles-of-good-website-design-a-comprehensive-guide/index.html]
[www.Zonex.com/blogs/web-development-why-a-well-developed-website-matters-to-every-business/index.html]
[www.Zonex.com/blogs/wp-json/wp/v2/categories/406.json]
[www.Zonex.com/blogs/html-best-practices-to-build-a-better-html-based-website/index.html]
[www.Zonex.com/blogs/category/web-app/feed/index.html]
[www.Zonex.com/blogs/wp-content/uploads/2022/11/christopher-gower-m_HRfLhgABo-unsplash-1024x682.jpg]
[www.Zonex.com/blogs/wp-content/uploads/2022/03/dsfsd-1024x683.png]
[www.Zonex.com/blogs/wp-content/uploads/2021/09/ssss.png]
[www.Zonex.com/blogs/category/web-app/index.html]
[www.Zonex.com/blogs/mobile-website-vs-mobile-app-which-is-best-for-your-organization/index.html]
[www.Zonex.com/blogs/category/android/index.html]
[www.Zonex.com/blogs/wp-json/wp/v2/categories/521.json]
[www.Zonex.com/blogs/category/web-development/website-design/index.html]
[www.Zonex.com/blogs/category/mobile-apps/index.html]
[www.Zonex.com/blogs/wp-content/uploads/2023/10/A-Comprehensive-Guide-to-Implementing-Push-Notifications-in-iOS.png]
[www.Zonex.com/blogs/category/web-development/website-design/feed/index.html]
[www.Zonex.com/blogs/wp-json/wp/v2/posts/7356.json]
[www.Zonex.com/blogs/a-comprehensive-guide-to-understanding-push-notifications-in-ios/feed/index.html]
[www.Zonex.com/blogs/wp-json/oembed/1.0/embedfb5f.json]
[www.Zonex.com/blogs/wp-json/oembed/1.0/embed7c99]
[www.Zonex.com/blogs/wp-content/uploads/2021/09/ssss-600x403.png]
[www.Zonex.com/blogs/tag/push-notifications/index.html]
[www.Zonex.com/blogs/wp-content/uploads/2021/08/Application-Development-600x350.jpg]
[www.Zonex.com/blogs/tag/social-media/index.html]
[www.Zonex.com/blogs/wp-content/uploads/2021/06/top_app_development_companies_2021.png]
[www.Zonex.com/blogs/a-comprehensive-guide-to-understanding-push-notifications-in-ios/index.html]
[www.Zonex.com/blogs/app-development-companies-in-the-usa/index.html]
[www.Zonex.com/blogs/top-app-development-companies-in-2021/index.html]
[www.Zonex.com/blogs/category/mobile-apps-development/index.html]
[www.Zonex.com/blogs/category/ios/feed/index.html]
[www.Zonex.com/blogs/wp-json/wp/v2/categories/43.json]
[www.Zonex.com/blogs/wp-content/uploads/2021/08/Application-Development.jpg]
[www.Zonex.com/blogs/wp-content/uploads/2021/05/Top-Mobile-App-Development-Frameworks-in-2021-1024x597.jpg]
[www.Zonex.com/blogs/wp-content/uploads/2021/05/mobile-app-development-process-blog-mobisoft-infotech-1.jpg]
[www.Zonex.com/blogs/wp-content/uploads/2020/09/woman-holding-a-smartphone-3168797_1920-1.jpg]
[www.Zonex.com/blogs/wp-content/uploads/2020/04/app-store-marketing-eeee-1024x533.png]
[www.Zonex.com/blogs/category/ios/index.html]
[www.Zonex.com/blogs/the-leading-mobile-applications-in-2021/index.html]
[www.Zonex.com/blogs/wp-json/wp/v2/categories/527.json]
[www.Zonex.com/blogs/important-aspects-of-mobile-app-development-you-need-to-know/index.html]
[www.Zonex.com/blogs/category/ios/notifications/index.html]
[www.Zonex.com/blogs/apps-store-optimization-aso-software-house-in-lahore/index.html]
[www.Zonex.com/blogs/category/ios/notifications/feed/index.html]
[www.Zonex.com/blogs/category/aso/index.html]
[www.Zonex.com/blogs/build-an-ios-app-cost-pros-and-cons/index.html]
[www.Zonex.com/blogs/wp-content/uploads/2023/03/The-Best-Emulator-for-Your-Website-Design-and-Development.png]
[www.Zonex.com/blogs/wp-json/wp/v2/posts/7348.json]
[www.Zonex.com/blogs/the-best-emulator-for-your-website-design-and-development/feed/index.html]
[www.Zonex.com/blogs/wp-json/oembed/1.0/embede3ce.json]
[www.Zonex.com/blogs/wp-json/oembed/1.0/embed161a]
[www.Zonex.com/blogs/wp-content/uploads/2023/12/image-2-600x403.png]
[www.Zonex.com/blogs/the-best-emulator-for-your-website-design-and-development/index.html]
[www.Zonex.com/blogs/tag/best/index.html]
[www.Zonex.com/blogs/tag/design/index.html]
[www.Zonex.com/blogs/tag/emulator/index.html]
[www.Zonex.com/blogs/wp-json/wp/v2/categories/28.json]
[www.Zonex.com/blogs/tag/website/index.html]
[www.Zonex.com/blogs/wp-content/uploads/2021/11/proxy-gafb82342d_1920-1024x755.jpg]
[www.Zonex.com/blogs/category/web-development/page/2/index.html]
[www.Zonex.com/blogs/category/web-development/feed/index.html]
[www.Zonex.com/blogs/wp-content/uploads/2021/11/1-advantages-a-cyprus-t-1547032657.png]
[www.Zonex.com/blogs/website-testing-and-seo-monitoring-with-proxy-how-it-works/index.html]
[www.Zonex.com/blogs/category/web-development/website-testing/index.html]
[www.Zonex.com/blogs/wp-content/uploads/2021/09/kuggjgj-1024x683.jpg]
[www.Zonex.com/blogs/wp-content/uploads/2021/08/domenico-loia-hGV2TfOh0ns-unsplash-1024x683.jpg]
[www.Zonex.com/blogs/category/web-development/index.html]
[www.Zonex.com/blogs/category/world-wide/index.html]
[www.Zonex.com/blogs/what-do-experts-say-about-software-companies-in-cyprus/index.html]
[www.Zonex.com/blogs/successful-digital-marketing-checklist/index.html]
[www.Zonex.com/blogs/5-tips-for-choosing-best-web-development-service-online/index.html]
[www.Zonex.com/blogs/wp-json/wp/v2/posts/7343.json]
[www.Zonex.com/blogs/category/iot/index.html]
[www.Zonex.com/blogs/wp-json/oembed/1.0/embed6f7a.json]
[www.Zonex.com/blogs/category/web-development/page/3/index.html]
[www.Zonex.com/blogs/category/web-development/page/4/index.html]
[www.Zonex.com/blogs/5-lead-generation-techniques-for-b2b-sales-leads/index.html]
[www.Zonex.com/blogs/wp-json/oembed/1.0/embed730a]
[www.Zonex.com/blogs/5-lead-generation-techniques-for-b2b-sales-leads/feed/index.html]
[www.Zonex.com/blogs/wp-json/wp/v2/categories/518.json]
[www.Zonex.com/blogs/category/leads/b2b-sales/index.html]
[www.Zonex.com/blogs/tag/b2b-sales-leads/index.html]
[www.Zonex.com/blogs/tag/techniques/index.html]
[www.Zonex.com/blogs/category/leads/b2b-sales/feed/index.html]
[www.Zonex.com/blogs/tag/top5/index.html]
[www.Zonex.com/blogs/wp-json/wp/v2/categories/517.json]
[www.Zonex.com/blogs/category/leads/index.html]
[www.Zonex.com/blogs/category/leads/feed/index.html]
[www.Zonex.com/blogs/wp-content/uploads/2023/01/crm-purpose-featured.jpg]
[www.Zonex.com/blogs/wp-json/wp/v2/posts/7336.json]
[www.Zonex.com/blogs/10-tips-on-making-your-crm-system-user-friendly/feed/index.html]
[www.Zonex.com/blogs/wp-json/oembed/1.0/embede576.json]
[www.Zonex.com/blogs/wp-json/oembed/1.0/embed36de]
[www.Zonex.com/blogs/wp-content/uploads/2022/11/The-Benefits-of-Integrations-of-CRM.png]
[www.Zonex.com/blogs/tag/10-tips/index.html]
[www.Zonex.com/blogs/wp-content/uploads/2021/07/crm-definition.jpg]
[www.Zonex.com/blogs/10-tips-on-making-your-crm-system-user-friendly/index.html]
[www.Zonex.com/blogs/wp-json/wp/v2/categories/402.json]
[www.Zonex.com/blogs/category/crm/index.html]
[www.Zonex.com/blogs/tag/user-friendly/index.html]
[www.Zonex.com/blogs/tag/crm/index.html]
[www.Zonex.com/blogs/benefits-of-integrations-of-crm-and-microsoft-dynamics/index.html]
[www.Zonex.com/blogs/customer-relationship-management-softwares-in-2021/index.html]
[www.Zonex.com/blogs/category/crm/feed/index.html]
[www.Zonex.com/blogs/wp-content/uploads/2023/01/Untitled.jpg]
[www.Zonex.com/blogs/wp-json/wp/v2/posts/7332.json]
[www.Zonex.com/blogs/why-is-link-building-important-for-your-wordpress-site/feed/index.html]
[www.Zonex.com/blogs/wp-json/oembed/1.0/embed49ab.json]
[www.Zonex.com/blogs/wp-json/oembed/1.0/embed5ed7]
[www.Zonex.com/blogs/why-is-link-building-important-for-your-wordpress-site/index.html]
[www.Zonex.com/blogs/wp-json/wp/v2/categories/474.json]
[www.Zonex.com/blogs/tag/link-building/index.html]
[www.Zonex.com/blogs/tag/wordpress/index.html]
[www.Zonex.com/blogs/wp-content/uploads/2022/08/Best-7-Link-Building-Services-Strategies-Every-Blogger-Must-Do.png]
[www.Zonex.com/blogs/category/digital-marketing/link-building/index.html]
[www.Zonex.com/blogs/how-to-expose-the-hidden-capabilities-of-an-employee/index.html]
[www.Zonex.com/blogs/category/digital-marketing/link-building/feed/index.html]
[www.Zonex.com/blogs/link-building-strategies-every-blogger-must-need-to-know/index.html]
[www.Zonex.com/blogs/category/blogs/index.html]
[www.Zonex.com/blogs/wp-content/uploads/2023/01/EF-8-1024x576.jpg]
[www.Zonex.com/blogs/wp-content/uploads/2023/01/KR-12-1024x576.jpg]
[www.Zonex.com/blogs/category/organization/employee/index.html]
[www.Zonex.com/blogs/wp-content/uploads/2022/11/Untitled-1024x576.png]
[www.Zonex.com/blogs/wp-content/uploads/2022/09/5-Top-Verification-Services-That-Will-Boost-Your-Marketing-Campaign.png]
[www.Zonex.com/blogs/category/organization/index.html]
[www.Zonex.com/blogs/wp-content/uploads/2022/09/2-1024x614.jpg]
[www.Zonex.com/blogs/the-essential-guide-to-innovation-coaching/index.html]
[www.Zonex.com/blogs/wp-content/uploads/2022/09/singh-CPl8P2OFf-U-unsplash-1024x682.jpg]
[www.Zonex.com/blogs/category/innovation-coaching/index.html]
[www.Zonex.com/blogs/wp-content/uploads/2022/09/pasted-image-0-1-1024x683.png]
[www.Zonex.com/blogs/page/2/index.html]
[www.Zonex.com/blogs/why-is-recruitment-software-necessary-for-a-business/index.html]
[www.Zonex.com/blogs/wp-content/uploads/2022/04/lsu-security-camera.jpg]
[www.Zonex.com/blogs/category/software/recruitment-software/index.html]
[www.Zonex.com/blogs/category/software/index.html]
[www.Zonex.com/blogs/wp-content/uploads/2022/03/social-media-g410e52946_1920-1024x683.png]
[www.Zonex.com/blogs/wp-content/uploads/2022/02/time-management-activities-1024x576.jpg]
[www.Zonex.com/blogs/page/3/index.html]
[www.Zonex.com/blogs/5-top-verification-services-that-will-boost-your-marketing-campaign/index.html]
[www.Zonex.com/blogs/wp-content/uploads/2019/11/top10-900x400.jpg]
[www.Zonex.com/blogs/category/digital-marketing/marketing-campaign/index.html]
[www.Zonex.com/blogs/wp-content/uploads/2019/10/we-care-1024x470-1024x470.jpg]
[www.Zonex.com/blogs/page/12/index.html]
[www.Zonex.com/blogs/category/verification-services/index.html]
[www.Zonex.com/blogs/remote-working-most-useful-tools-for-your-business/index.html]
[www.Zonex.com/blogs/category/organization/remote-work/index.html]
[www.Zonex.com/blogs/category/organization/tools/index.html]
[www.Zonex.com/blogs/how-3d-animation-and-digital-marketing-can-help-your-business/index.html]
[www.Zonex.com/blogs/category/digital-marketing/3d-animation/index.html]
[www.Zonex.com/blogs/conducting-market-research-for-your-business-how-to-gather-and-interpret-data/index.html]
[www.Zonex.com/blogs/category/digital-marketing/market-research/index.html]
[apis.google.com/js/plusone.js]
[www.Zonex.com/blogs/page/4/index.html]
[www.Zonex.com/blogs/which-are-the-best-security-cameras-for-homes-and-businesses-in-2022/index.html]
[www.Zonex.com/blogs/category/security/camera/index.html]
[www.Zonex.com/blogs/category/security/index.html]
[assets.pinterest.com/js/pinit.js]
[www.Zonex.com/blogs/wp-content/cache/autoptimize/js/autoptimize_f77e7ec08781945d393cc4806dd64c89.js]
[www.Zonex.com/blogs/integrated-marketing-in-2022-trends-to-watch/index.html]
[www.Zonex.com/blogs/8-best-time-management-tools-for-small-business/index.html]
[www.Zonex.com/blogs/category/software/time-management-tools/index.html]
[www.Zonex.com/project/1145/.html]
[www.Zonex.com/blogs/page/5/index.html]
[www.Zonex.com/blogs/top-10-software-houses-in-pakistan/index.html]
[www.Zonex.com/blogs/category/it/index.html]
[www.Zonex.com/assets/portfolio_images/d3bc6cce1fe613c8e877e45cb8f711a41.jpg]
[www.Zonex.com/blogs/category/pakistan/index.html]
[www.Zonex.com/blogs/category/software-house/index.html]
[www.Zonex.com/blogs/category/software-house/top-10/index.html]
[www.Zonex.com/assets/portfolio_images/4d8083efb1c06467d1271bf6ef4597ca.jpg]
[www.Zonex.com/blogs/choosing-best-web-development-services-in-wah-cantt/index.html]
[www.Zonex.com/assets/portfolio_images/710633778cadbd703db028b89d182615.jpg]
[www.Zonex.com/blogs/page/11/index.html]
[www.Zonex.com/assets/portfolio_images/39483c1701417d68c79b22d2e953e94e.jpg]
[www.Zonex.com/assets/portfolio_images/d3bc6cce1fe613c8e877e45cb8f711a4.jpg]
[www.Zonex.com/blogs/page/10/index.html]
[www.Zonex.com/assets/portfolio_images/4d8083efb1c06467d1271bf6ef4597ca1.jpg]
[www.Zonex.com/assets/portfolio_images/710633778cadbd703db028b89d1826151.jpg]
[www.Zonex.com/assets/portfolio_images/710633778cadbd703db028b89d1826152.jpg]
[www.Zonex.com/project/1145/matrimonial-website.html]
[www.Zonex.com/project/1149/.html]
[www.Zonex.com/assets/portfolio_images/4b128c99ce9693c781f9147c865d5f892.png]
[www.Zonex.com/assets/portfolio_images/4b128c99ce9693c781f9147c865d5f891.png]
[www.Zonex.com/assets/portfolio_images/4b128c99ce9693c781f9147c865d5f89.png]
[www.Zonex.com/assets/portfolio_images/296bd8bd865af8f1fabc224af5d901e9.jpg]
[www.Zonex.com/assets/portfolio_images/9d0076ac21a570fa5bb4f2409c61d974.jpg]
[www.Zonex.com/project/1149/pokmon-detection-and-strategy-suggestion-ai-project.html]
[www.Zonex.com/project/1147/.html]
[www.Zonex.com/assets/portfolio_images/16690412f75d22a5a00f8c1763d713e5.jpg]
[www.Zonex.com/assets/portfolio_images/1dd19b4e16eaabc41612940f5313d0fd1.jpg]
[www.Zonex.com/assets/portfolio_images/ea22e1ae47b88a2aab98eeb1a07b72ac2.jpg]
[www.Zonex.com/assets/portfolio_images/ea22e1ae47b88a2aab98eeb1a07b72ac1.jpg]
[www.Zonex.com/assets/portfolio_images/994604e0c55e581d38ec482c42d3c6b9.jpg]
[www.Zonex.com/assets/portfolio_images/1dd19b4e16eaabc41612940f5313d0fd.jpg]
[www.Zonex.com/assets/portfolio_images/e234c1d1c18225eb6c821ba25dea511a.jpg]
[www.Zonex.com/project/1147/admin-panel.html]
[www.Zonex.com/project/1136/.html]
[www.Zonex.com/assets/portfolio_images/06e68086c4cf2fb443f0b3ce18bd7845.png]
[www.Zonex.com/assets/portfolio_images/2161b3867003b9e12f8df8e79c7ea6d8.png]
[www.Zonex.com/assets/portfolio_images/46c574f90b625bb2e9c09054fcf2ebec.png]
[www.Zonex.com/assets/portfolio_images/87714852709bc79b8c740f5f5c005045.png]
[www.Zonex.com/assets/portfolio_images/12e332c780872c6a1605fd694a19fa3a.png]
[www.Zonex.com/assets/portfolio_images/9cb1e329b05d3f9a7c987de41dd74ae3.png]
[www.Zonex.com/assets/portfolio_images/9cb1e329b05d3f9a7c987de41dd74ae31.png]
[www.Zonex.com/assets/portfolio_images/cfa9de3e3d272748a5b87ffd9f7485da.png]
[www.Zonex.com/project/1136/boat-booking-platform.html]
[www.Zonex.com/project/1141/.html]
[www.Zonex.com/assets/portfolio_images/37beb2f378a15ff7e9b913a1c4335f53.png]
[www.Zonex.com/assets/portfolio_images/83ee6f411cb19862f17753ac27e9c4451.png]
[www.Zonex.com/assets/portfolio_images/c640634d32703143e39b68d44d3ef84a.png]
[www.Zonex.com/assets/portfolio_images/7c1de450c6a08134389ba05dee320b301.png]
[www.Zonex.com/assets/portfolio_images/83ee6f411cb19862f17753ac27e9c445.png]
[www.Zonex.com/assets/portfolio_images/7c1de450c6a08134389ba05dee320b30.png]
[www.Zonex.com/assets/portfolio_images/f63ac218ee20cb22c3187ae798c13b39.png]
[www.Zonex.com/assets/portfolio_images/ea720f9dc9aa482e89ac6496d36c40ef.png]
[www.Zonex.com/assets/portfolio_images/f63ac218ee20cb22c3187ae798c13b391.png]
[www.Zonex.com/assets/portfolio_images/3b44f89648e15a5ccc3e039c59c0bc80.png]
[www.Zonex.com/project/1141/table-reservation-tablet-app-for-restaurants.html]
[www.Zonex.com/project/1146/.html]
[www.Zonex.com/assets/portfolio_images/8e764172e7c089cd7cc1d5af526af66d.jpg]
[www.Zonex.com/assets/portfolio_images/0961eb5615849bec075f2b352d4fa5ca1.jpg]
[www.Zonex.com/assets/portfolio_images/0961eb5615849bec075f2b352d4fa5ca.jpg]
[www.Zonex.com/assets/portfolio_images/a7b02df6efea011107301c80133196d6.jpg]
[www.Zonex.com/assets/portfolio_images/29133b4e6c4672ca66ab7be08b747065.jpg]
[www.Zonex.com/project/1146/diet-planner-website.html]
[www.Zonex.com/project/1137/.html]
[www.Zonex.com/assets/portfolio_images/545d3679c804361d188a6e0405ca224b1.png]
[www.Zonex.com/assets/portfolio_images/cb0974b7e44881ad4d444daebf345d23.png]
[www.Zonex.com/assets/portfolio_images/7e9262c09ee27b265fc8197affe51738.png]
[www.Zonex.com/assets/portfolio_images/8cdd7ad96c817b80f2bf7c1db94ffc8c.png]
[www.Zonex.com/assets/portfolio_images/6ecb263b9e6261ebe0cc60ff7d8e9939.png]
[www.Zonex.com/assets/portfolio_images/f9d2361a9406b43a9a0e8c9357e5c1f6.png]
[www.Zonex.com/assets/portfolio_images/545d3679c804361d188a6e0405ca224b.png]
[www.Zonex.com/assets/portfolio_images/6ecb263b9e6261ebe0cc60ff7d8e99391.png]
[www.Zonex.com/assets/portfolio_images/9a4c6750cee84dad986a76d4e1904136.png]
[www.Zonex.com/assets/portfolio_images/02598d5f50c45f18c5ec172c823814ca.png]
[www.Zonex.com/assets/portfolio_images/0ae4dd6709b2e916c39a4d6746192e41.png]
[www.Zonex.com/assets/portfolio_images/7858a50c14aee6346a05d0e54a78c701.png]
[www.Zonex.com/project/1137/seedling-app.html]
[www.Zonex.com/project/1133/.html]
[www.Zonex.com/assets/portfolio_images/74a93e30685dcb2e26a1b92c290b4b6a.png]
[www.Zonex.com/assets/portfolio_images/73f6de6e3fbc7fc13d20ac4a969e20846.png]
[www.Zonex.com/assets/portfolio_images/4fe4d1cdc7d891a000ea932d0f200d81.png]
[www.Zonex.com/assets/portfolio_images/73f6de6e3fbc7fc13d20ac4a969e20847.png]
[www.Zonex.com/assets/portfolio_images/73f6de6e3fbc7fc13d20ac4a969e2084.png]
[www.Zonex.com/assets/portfolio_images/73f6de6e3fbc7fc13d20ac4a969e20848.png]
[www.Zonex.com/assets/portfolio_images/65017a512a8216d0d1f21a5abf6a3e95.png]
[www.Zonex.com/assets/portfolio_images/a034b7d0f90ec005a0cf428c12f7b0a2.png]
[www.Zonex.com/assets/portfolio_images/73f6de6e3fbc7fc13d20ac4a969e20845.png]
[www.Zonex.com/assets/portfolio_images/73f6de6e3fbc7fc13d20ac4a969e20844.png]
[www.Zonex.com/assets/portfolio_images/73f6de6e3fbc7fc13d20ac4a969e20843.png]
[www.Zonex.com/assets/portfolio_images/73f6de6e3fbc7fc13d20ac4a969e20842.png]
[www.Zonex.com/assets/portfolio_images/73f6de6e3fbc7fc13d20ac4a969e20841.png]
[www.Zonex.com/assets/portfolio_images/e0abc2524071e393b4bf932277cac5c5.png]
[www.Zonex.com/project/1133/social-stock-website.html]
[www.Zonex.com/project/1138/.html]
[www.Zonex.com/assets/portfolio_images/713fbeafc02b99a354159a475792809b.png]
[www.Zonex.com/assets/portfolio_images/188e69639da1b3b495bbc50425acb8ae.png]
[www.Zonex.com/assets/portfolio_images/b02c6006c14eee846bd6944acf946146.png]
[www.Zonex.com/assets/portfolio_images/5b2d9d90a5ebe758ba401acbd1f66802.png]
[www.Zonex.com/assets/portfolio_images/28c5ae081cb3b5b0ed620878b83e2680.png]
[www.Zonex.com/assets/portfolio_images/f402b19c352eea1e3a3da0fb31a3d19c.png]
[www.Zonex.com/assets/portfolio_images/b3b66cce34e0cb77e31dc71afd05c6c1.png]
[www.Zonex.com/assets/portfolio_images/ad8c1bf9f2efc7e52b946e4eae328021.png]
[www.Zonex.com/assets/portfolio_images/b2143fffecb236e2c74dc7212714a459.png]
[www.Zonex.com/assets/portfolio_images/962635c9dc65d7fe535aab1062051a34.png]
[www.Zonex.com/assets/portfolio_images/cbf382357650ca116e6a54ec160d10b7.png]
[www.Zonex.com/assets/portfolio_images/cbf382357650ca116e6a54ec160d10b71.png]
[www.Zonex.com/assets/portfolio_images/28c5ae081cb3b5b0ed620878b83e26801.png]
[www.Zonex.com/project/1138/mro-mobile-app-for-aviation-industry.html]
[www.Zonex.com/project/1132/.html]
[www.Zonex.com/assets/portfolio_images/0bb274f8b47635878c46d41f657d63aa.jpg]
[www.Zonex.com/assets/portfolio_images/d9455d594e16ad3dd150012e91e8f39a.jpg]
[www.Zonex.com/assets/portfolio_images/974fb84633919edcc724e04eb3927b2d1.png]
[www.Zonex.com/assets/portfolio_images/974fb84633919edcc724e04eb3927b2d.png]
[www.Zonex.com/assets/portfolio_images/974fb84633919edcc724e04eb3927b2d2.png]
[www.Zonex.com/assets/portfolio_images/974fb84633919edcc724e04eb3927b2d7.png]
[www.Zonex.com/assets/portfolio_images/974fb84633919edcc724e04eb3927b2d4.png]
[www.Zonex.com/assets/portfolio_images/974fb84633919edcc724e04eb3927b2d5.png]
[www.Zonex.com/assets/portfolio_images/974fb84633919edcc724e04eb3927b2d6.png]
[www.Zonex.com/assets/portfolio_images/974fb84633919edcc724e04eb3927b2d3.png]
[www.Zonex.com/project/1132/barber-appointment-app.html]
[www.Zonex.com/project/1131/.html]
[www.Zonex.com/assets/portfolio_images/76f2fbae17ae8c6b0902fe57e17f0e05.jpg]
[www.Zonex.com/assets/portfolio_images/07fbf1f4e2b0e69f175156ca6f1489ba.png]
[www.Zonex.com/assets/portfolio_images/07fbf1f4e2b0e69f175156ca6f1489ba7.png]
[www.Zonex.com/assets/portfolio_images/07fbf1f4e2b0e69f175156ca6f1489ba3.png]
[www.Zonex.com/assets/portfolio_images/07fbf1f4e2b0e69f175156ca6f1489ba2.png]
[www.Zonex.com/assets/portfolio_images/07fbf1f4e2b0e69f175156ca6f1489ba9.png]
[www.Zonex.com/assets/portfolio_images/07fbf1f4e2b0e69f175156ca6f1489ba8.png]
[www.Zonex.com/assets/portfolio_images/07fbf1f4e2b0e69f175156ca6f1489ba1.png]
[www.Zonex.com/assets/portfolio_images/07fbf1f4e2b0e69f175156ca6f1489ba6.png]
[www.Zonex.com/assets/portfolio_images/07fbf1f4e2b0e69f175156ca6f1489ba5.png]
[www.Zonex.com/assets/portfolio_images/07fbf1f4e2b0e69f175156ca6f1489ba10.png]
[www.Zonex.com/project/1131/ecommerce-app.html]
[www.Zonex.com/project/1124/.html]
[www.Zonex.com/assets/portfolio_images/8bcaf52b44ce2286f1edeb198a631ee9.jpg]
[www.Zonex.com/assets/portfolio_images/6685cd51762f96196b98a61ab1791857.jpg]
[www.Zonex.com/assets/portfolio_images/6685cd51762f96196b98a61ab17918571.jpg]
[www.Zonex.com/assets/portfolio_images/594044b501aab7d9525628741031bcb1.png]
[www.Zonex.com/assets/portfolio_images/6685cd51762f96196b98a61ab17918575.jpg]
[www.Zonex.com/assets/portfolio_images/6685cd51762f96196b98a61ab17918572.jpg]
[www.Zonex.com/assets/portfolio_images/6685cd51762f96196b98a61ab17918573.jpg]
[www.Zonex.com/assets/portfolio_images/6685cd51762f96196b98a61ab17918574.jpg]
[www.Zonex.com/assets/portfolio_images/6685cd51762f96196b98a61ab17918576.jpg]
[www.Zonex.com/project/1124/cab-app.html]
[www.Zonex.com/project/1128/.html]
[www.Zonex.com/assets/portfolio_images/c2400a1572a744cf0160a33cae9a60e1.jpg]
[www.Zonex.com/assets/portfolio_images/c982fda571edfea01f61b9d09d1cc6ca.png]
[www.Zonex.com/assets/portfolio_images/e71a8bfda81132a30acaa87d986c855c.png]
[www.Zonex.com/assets/portfolio_images/6b3af4ff99b59a7ec73d4f7d2a1fa7bc.png]
[www.Zonex.com/assets/portfolio_images/cc1487c77012ac825838f2536ee5b0ee.png]
[www.Zonex.com/assets/portfolio_images/010816ef90f3fd133d11ab13753dcb7e.png]
[www.Zonex.com/assets/portfolio_images/eee76d4e9a385f0bb4cc3d36b9393330.png]
[www.Zonex.com/assets/portfolio_images/78f84b6cc0edb75a6c59be5e8b0fe75d.png]
[www.Zonex.com/assets/portfolio_images/6389e48590eea7f7e3fe2ca50926d596.png]
[www.Zonex.com/assets/portfolio_images/46f66cb52dda932f04727708410fb0c6.png]
[www.Zonex.com/assets/portfolio_images/9debee8118bd20e9c65079c48ac5b853.jpg]
[www.Zonex.com/project/1128/banking-app.html]
[www.Zonex.com/project/1120/.html]
[www.Zonex.com/assets/portfolio_images/2ab1633a497b7473cedeb62e57439a38.jpg]
[www.Zonex.com/assets/portfolio_images/209a20abdeef60a36d77edcf023b25e1.png]
[www.Zonex.com/assets/portfolio_images/209a20abdeef60a36d77edcf023b25e12.png]
[www.Zonex.com/assets/portfolio_images/209a20abdeef60a36d77edcf023b25e11.png]
[www.Zonex.com/assets/portfolio_images/209a20abdeef60a36d77edcf023b25e14.png]
[www.Zonex.com/assets/portfolio_images/209a20abdeef60a36d77edcf023b25e13.png]
[www.Zonex.com/assets/portfolio_images/0ec7b8b2ad4c9353da3d292f66db37f8.jpg]
[www.Zonex.com/project/1120/hotel-reservation-system.html]
[www.Zonex.com/project/1112/.html]
[www.Zonex.com/assets/portfolio_images/eca36da7c4af84241f28c44fede38c43.png]
[www.Zonex.com/assets/portfolio_images/e8a56d366655f68441a0552d5fc535a61.png]
[www.Zonex.com/assets/portfolio_images/e8a56d366655f68441a0552d5fc535a66.png]
[www.Zonex.com/assets/portfolio_images/e8a56d366655f68441a0552d5fc535a6.png]
[www.Zonex.com/assets/portfolio_images/e8a56d366655f68441a0552d5fc535a62.png]
[www.Zonex.com/assets/portfolio_images/e8a56d366655f68441a0552d5fc535a68.png]
[www.Zonex.com/assets/portfolio_images/e8a56d366655f68441a0552d5fc535a63.png]
[www.Zonex.com/assets/portfolio_images/e8a56d366655f68441a0552d5fc535a64.png]
[www.Zonex.com/assets/portfolio_images/e8a56d366655f68441a0552d5fc535a65.png]
[www.Zonex.com/project/1112/data-visualization-website.html]
[www.Zonex.com/project/1127/.html]
[www.Zonex.com/assets/portfolio_images/de99026fc3d8d7d959011db59cf598c2.jpg]
[www.Zonex.com/assets/portfolio_images/64959f0dff623666adbc6d989f3b6435.jpg]
[www.Zonex.com/assets/portfolio_images/c8764b0fb9e823bd1e133c7f56133538.png]
[www.Zonex.com/assets/portfolio_images/0280fef8dc7f80b2600806fa978cb60c.png]
[www.Zonex.com/assets/portfolio_images/0280fef8dc7f80b2600806fa978cb60c2.png]
[www.Zonex.com/project/1127/news-app.html]
[www.Zonex.com/project/1119/.html]
[www.Zonex.com/assets/portfolio_images/da2ca6f41c7497b2a733b839fe615ece.jpg]
[www.Zonex.com/assets/portfolio_images/4513257b748780671850bacee77650816.png]
[www.Zonex.com/assets/portfolio_images/bf02606e1c7f0c947567732ee9f68aa71.png]
[www.Zonex.com/assets/portfolio_images/4513257b748780671850bacee77650815.png]
[www.Zonex.com/assets/portfolio_images/4513257b748780671850bacee7765081.png]
[www.Zonex.com/assets/portfolio_images/4513257b748780671850bacee77650817.png]
[www.Zonex.com/assets/portfolio_images/bf02606e1c7f0c947567732ee9f68aa75.png]
[www.Zonex.com/assets/portfolio_images/bf02606e1c7f0c947567732ee9f68aa74.png]
[www.Zonex.com/assets/portfolio_images/4513257b748780671850bacee77650812.png]
[www.Zonex.com/assets/portfolio_images/bf02606e1c7f0c947567732ee9f68aa72.png]
[www.Zonex.com/assets/portfolio_images/bf02606e1c7f0c947567732ee9f68aa73.png]
[www.Zonex.com/assets/portfolio_images/bf02606e1c7f0c947567732ee9f68aa7.png]
[www.Zonex.com/assets/portfolio_images/4513257b748780671850bacee776508110.png]
[www.Zonex.com/assets/portfolio_images/4513257b748780671850bacee77650819.png]
[www.Zonex.com/assets/portfolio_images/4513257b748780671850bacee77650818.png]
[www.Zonex.com/assets/portfolio_images/4513257b748780671850bacee77650814.png]
[www.Zonex.com/assets/portfolio_images/4513257b748780671850bacee77650813.png]
[www.Zonex.com/assets/portfolio_images/4513257b748780671850bacee77650811.png]
[www.Zonex.com/assets/portfolio_images/bf02606e1c7f0c947567732ee9f68aa76.png]
[www.Zonex.com/project/1119/covid19-app-and-crm.html]
[www.Zonex.com/project/1121/.html]
[www.Zonex.com/assets/portfolio_images/8e46b62c9392ed5e269cdbe03344c532.jpg]
[www.Zonex.com/assets/portfolio_images/ac61e18e0ce5ed3007e602eb0ce94fa32.png]
[www.Zonex.com/assets/portfolio_images/ac61e18e0ce5ed3007e602eb0ce94fa37.png]
[www.Zonex.com/assets/portfolio_images/ac61e18e0ce5ed3007e602eb0ce94fa34.png]
[www.Zonex.com/assets/portfolio_images/ac61e18e0ce5ed3007e602eb0ce94fa39.png]
[www.Zonex.com/assets/portfolio_images/ac61e18e0ce5ed3007e602eb0ce94fa38.png]
[www.Zonex.com/assets/portfolio_images/ac61e18e0ce5ed3007e602eb0ce94fa31.png]
[www.Zonex.com/assets/portfolio_images/ac61e18e0ce5ed3007e602eb0ce94fa36.png]
[www.Zonex.com/assets/portfolio_images/ac61e18e0ce5ed3007e602eb0ce94fa3.png]
[www.Zonex.com/assets/portfolio_images/ac61e18e0ce5ed3007e602eb0ce94fa35.png]
[www.Zonex.com/assets/portfolio_images/ac61e18e0ce5ed3007e602eb0ce94fa33.png]
[www.Zonex.com/project/1121/pho-pro.html]
[www.Zonex.com/project/1126/.html]
[www.Zonex.com/assets/portfolio_images/3fe926c67f3838a41e93b048bc60bc3e.jpg]
[www.Zonex.com/assets/portfolio_images/90cb908161d60c65139be1214b384cce8.png]
[www.Zonex.com/assets/portfolio_images/90cb908161d60c65139be1214b384cce7.png]
[www.Zonex.com/assets/portfolio_images/90cb908161d60c65139be1214b384cce4.png]
[www.Zonex.com/assets/portfolio_images/90cb908161d60c65139be1214b384cce6.png]
[www.Zonex.com/assets/portfolio_images/90cb908161d60c65139be1214b384cce3.png]
[www.Zonex.com/assets/portfolio_images/90cb908161d60c65139be1214b384cce9.png]
[www.Zonex.com/assets/portfolio_images/90cb908161d60c65139be1214b384cce.png]
[www.Zonex.com/assets/portfolio_images/90cb908161d60c65139be1214b384cce5.png]
[www.Zonex.com/assets/portfolio_images/90cb908161d60c65139be1214b384cce2.png]
[www.Zonex.com/assets/portfolio_images/90cb908161d60c65139be1214b384cce1.png]
[www.Zonex.com/project/1126/food-ordering-app.html]
[www.Zonex.com/project/1125/.html]
[www.Zonex.com/assets/portfolio_images/a959391d10096f7ddf1c3085c719c28e.jpg]
[www.Zonex.com/assets/portfolio_images/72a9aaa9fc8abd96b4b909daeca4a131.png]
[www.Zonex.com/assets/portfolio_images/72a9aaa9fc8abd96b4b909daeca4a1311.png]
[www.Zonex.com/assets/portfolio_images/72a9aaa9fc8abd96b4b909daeca4a1312.png]
[www.Zonex.com/assets/portfolio_images/72a9aaa9fc8abd96b4b909daeca4a1313.png]
[www.Zonex.com/assets/portfolio_images/72a9aaa9fc8abd96b4b909daeca4a1314.png]
[www.Zonex.com/assets/portfolio_images/72a9aaa9fc8abd96b4b909daeca4a1315.png]
[www.Zonex.com/assets/portfolio_images/72a9aaa9fc8abd96b4b909daeca4a1316.png]
[www.Zonex.com/project/1125/online-chatting-app.html]
[www.Zonex.com/project/1111/.html]
[www.Zonex.com/assets/portfolio_images/bb0f78a5bf8b54f5f38215cf0e85541e3.png]
[www.Zonex.com/assets/portfolio_images/bb0f78a5bf8b54f5f38215cf0e85541e1.png]
[www.Zonex.com/assets/portfolio_images/bb0f78a5bf8b54f5f38215cf0e85541e.png]
[www.Zonex.com/assets/portfolio_images/608ffc336c1dc3634ad7fba2adc52ae1.png]
[www.Zonex.com/assets/portfolio_images/bb0f78a5bf8b54f5f38215cf0e85541e5.png]
[www.Zonex.com/assets/portfolio_images/bb0f78a5bf8b54f5f38215cf0e85541e4.png]
[www.Zonex.com/project/1111/ecommerce-website.html]
[www.Zonex.com/project/1118/.html]
[www.Zonex.com/assets/portfolio_images/511383a3fb64f52132bd03eac39bca3c4.jpg]
[www.Zonex.com/assets/portfolio_images/511383a3fb64f52132bd03eac39bca3c.png]
[www.Zonex.com/assets/portfolio_images/75a06bb64c13d89233c140338ab62bdd.png]
[www.Zonex.com/assets/portfolio_images/511383a3fb64f52132bd03eac39bca3c2.jpg]
[www.Zonex.com/assets/portfolio_images/511383a3fb64f52132bd03eac39bca3c3.jpg]
[www.Zonex.com/assets/portfolio_images/511383a3fb64f52132bd03eac39bca3c.jpg]
[www.Zonex.com/assets/portfolio_images/511383a3fb64f52132bd03eac39bca3c5.jpg]
[www.Zonex.com/project/1118/charts-and-maps.html]
[www.Zonex.com/project/1117/.html]
[www.Zonex.com/assets/portfolio_images/4d9d7f78c8bafefe6aa41e8e103f48793.jpg]
[www.Zonex.com/assets/portfolio_images/4d9d7f78c8bafefe6aa41e8e103f48792.jpg]
[www.Zonex.com/assets/portfolio_images/4d9d7f78c8bafefe6aa41e8e103f48791.jpg]
[www.Zonex.com/project/1117/vowels-india.html]
[www.Zonex.com/project/1116/.html]
[www.Zonex.com/assets/portfolio_images/1415dc207a4916cf2a494111c416dbf44.jpg]
[www.Zonex.com/assets/portfolio_images/1415dc207a4916cf2a494111c416dbf410.jpg]
[www.Zonex.com/assets/portfolio_images/1415dc207a4916cf2a494111c416dbf49.jpg]
[www.Zonex.com/assets/portfolio_images/1415dc207a4916cf2a494111c416dbf48.jpg]
[www.Zonex.com/assets/portfolio_images/1415dc207a4916cf2a494111c416dbf47.jpg]
[www.Zonex.com/assets/portfolio_images/1415dc207a4916cf2a494111c416dbf46.jpg]
[www.Zonex.com/assets/portfolio_images/1415dc207a4916cf2a494111c416dbf45.jpg]
[www.Zonex.com/assets/portfolio_images/1415dc207a4916cf2a494111c416dbf43.jpg]
[www.Zonex.com/assets/portfolio_images/1415dc207a4916cf2a494111c416dbf42.jpg]
[www.Zonex.com/assets/portfolio_images/1415dc207a4916cf2a494111c416dbf41.jpg]
[www.Zonex.com/assets/portfolio_images/1415dc207a4916cf2a494111c416dbf4.png]
[www.Zonex.com/project/1116/float-rfq-website.html]
[www.Zonex.com/project/1114/.html]
[www.Zonex.com/assets/portfolio_images/de4fed0b58d9764adad06d34cbe3eb845.png]
[www.Zonex.com/assets/portfolio_images/de4fed0b58d9764adad06d34cbe3eb844.png]
[www.Zonex.com/assets/portfolio_images/de4fed0b58d9764adad06d34cbe3eb847.png]
[www.Zonex.com/assets/portfolio_images/e22bbeae7e326ea09e5a2a60c7596e77.png]
[www.Zonex.com/assets/portfolio_images/de4fed0b58d9764adad06d34cbe3eb843.png]
[www.Zonex.com/assets/portfolio_images/de4fed0b58d9764adad06d34cbe3eb846.png]
[www.Zonex.com/assets/portfolio_images/de4fed0b58d9764adad06d34cbe3eb841.png]
[www.Zonex.com/assets/portfolio_images/de4fed0b58d9764adad06d34cbe3eb84.png]
[www.Zonex.com/assets/portfolio_images/de4fed0b58d9764adad06d34cbe3eb842.png]
[www.Zonex.com/project/1114/emergence-team-website.html]
[www.Zonex.com/blogs/wp-content/cache/autoptimize/css/autoptimize_12d8e8fb6f5cae11336c0802a8302071.css]
[www.Zonex.com/blogs/indexddbf.html]
[www.Zonex.com/blogs/wp-content/cache/autoptimize/js/autoptimize_b40b60c6fe4f7c904a783f449c1a27c2.js]
[www.Zonex.com/assets/case_study/js/gsap-main2c97.js]
[www.Zonex.com/project/1139/.html]
[www.Zonex.com/project/1143/.html]
[www.Zonex.com/project/1140/.html]
[www.Zonex.com/project/1135/.html]
[www.Zonex.com/project/1148/.html]
[www.Zonex.com/project/1129/.html]
[www.Zonex.com/project/1134/.html]
[www.Zonex.com/project/1122/.html]
[www.Zonex.com/project/1144/.html]
[www.Zonex.com/project/1151/.html]
[www.Zonex.com/project/1150/.html]
[www.Zonex.com/project/1142/.html]
[www.Zonex.com/blogs/wp-content/themes/salient/css/fonts/fontawesome-webfont.svg]
[www.Zonex.com/blogs/wp-content/cache/autoptimize/css/autoptimize_01e506743039e2c54f158d8c348c0c98.css]
[www.Zonex.com/blogs/index209a.html]
[www.Zonex.com/blogs/wp-json/wp/v2/tags/443.json]
[www.Zonex.com/blogs/tag/ai/index.html]
[www.Zonex.com/blogs/tag/ai/feed/index.html]
[www.Zonex.com/blogs/wp-json/wp/v2/tags/409.json]
[www.Zonex.com/blogs/tag/future/feed/index.html]
[www.Zonex.com/blogs/wp-content/uploads/2021/09/Future-Of-Mobile-Apps-1024x538.png]
[www.Zonex.com/blogs/tag/future/index.html]
[www.Zonex.com/blogs/the-future-of-mobile-apps-in-2021-and-beyond/index.html]
[www.Zonex.com/blogs/tag/it-industry/feed/index.html]
[www.Zonex.com/blogs/tag/it-industry/index.html]
[www.Zonex.com/blogs/wp-json/wp/v2/tags/553.json]
[www.Zonex.com/blogs/wp-content/uploads/2022/08/thumbnail_Image..png]
[www.Zonex.com/blogs/wp-json/wp/v2/posts/7164.json]
[www.Zonex.com/blogs/how-ai-based-tools-are-playing-an-important-role-in-the-field-of-content-writing/feed/index.html]
[www.Zonex.com/blogs/wp-json/oembed/1.0/embedeb2d.json]
[www.Zonex.com/blogs/wp-json/oembed/1.0/embed7a15]
[www.Zonex.com/blogs/wp-content/uploads/2022/08/Artificial-intelligence-‘has-potential-to-relieve-pressures-on-NHS-workforce-study-finds.jpg]
[www.Zonex.com/blogs/wp-content/uploads/2022/08/image.png]
[www.Zonex.com/blogs/wp-content/uploads/2022/08/image.jpg]
[www.Zonex.com/blogs/wp-content/uploads/2022/08/image-1.jpg]
[www.Zonex.com/blogs/wp-content/uploads/2024/08/Artificial-Intelligence-in-the-IT-Industry-Opportunities-and-Challenges-600x403.png]
[www.Zonex.com/blogs/wp-content/uploads/2022/11/image-600x403.jpg]
[www.Zonex.com/blogs/how-ai-based-tools-are-playing-an-important-role-in-the-field-of-content-writing/index.html]
[www.Zonex.com/blogs/tag/content/index.html]
[www.Zonex.com/blogs/wp-json/wp/v2/categories/472.json]
[www.Zonex.com/blogs/category/digital-marketing/content-marketing/index.html]
[www.Zonex.com/blogs/category/digital-marketing/content-marketing/feed/index.html]
[www.Zonex.com/blogs/wp-content/uploads/2022/06/pexels-alex-knight-2599244-scaled.jpg]
[www.Zonex.com/blogs/artificial-intelligence-vs-robots/feed/index.html]
[www.Zonex.com/blogs/wp-json/wp/v2/posts/7131.json]
[www.Zonex.com/blogs/wp-json/oembed/1.0/embede012.json]
[www.Zonex.com/blogs/wp-json/oembed/1.0/embed7e51]
[www.Zonex.com/blogs/wp-content/uploads/2022/06/pexels-tara-winstead-8386422-scaled.jpg]
[www.Zonex.com/blogs/artificial-intelligence-vs-robots/index.html]
[www.Zonex.com/blogs/tag/artificial-intelligence-vs-humans/index.html]
[www.Zonex.com/blogs/artificial-intelligence-in-my-software/index.html]
[www.Zonex.com/blogs/tag/artificial-intelligence-vs-robots/index.html]
[www.Zonex.com/blogs/wp-content/uploads/2020/11/pexels-joao-jesus-4198370-1.jpg]
[www.Zonex.com/blogs/tag/robotics/index.html]
[www.Zonex.com/blogs/the-future-of-mobile-application-development/index.html]
[www.Zonex.com/blogs/wp-json/wp/v2/users/4.json]
[www.Zonex.com/blogs/author/kainat-arshad/index.html]
[www.Zonex.com/blogs/top-10-best-programming-languages-to-learn-in-2020/index.html]
[www.Zonex.com/blogs/author/kainat-arshad/feed/index.html]
[www.Zonex.com/blogs/wp-content/uploads/2022/02/andy-kelly-0E_vhMVqL9g-unsplash.jpg]
[www.Zonex.com/blogs/wp-json/wp/v2/posts/7051.json]
[www.Zonex.com/blogs/6-business-benefits-of-machine-learning/feed/index.html]
[www.Zonex.com/blogs/wp-json/oembed/1.0/embed2deb.json]
[www.Zonex.com/blogs/wp-json/oembed/1.0/embed970e]
[www.Zonex.com/blogs/wp-content/uploads/2022/02/markus-winkler-f57lx37DCM4-unsplash-1024x682.jpg]
[www.Zonex.com/blogs/wp-content/uploads/2022/02/krakenimages-376KN_ISplE-unsplash-1024x682.jpg]
[www.Zonex.com/blogs/wp-content/uploads/2022/02/anastase-maragos-X4zx5Vc_LZU-unsplash-1024x682.jpg]
[www.Zonex.com/blogs/wp-content/uploads/2022/02/isaac-smith-AT77Q0Njnt0-unsplash-1024x682.jpg]
[www.Zonex.com/blogs/wp-content/uploads/2022/02/mahdis-mousavi-hJ5uMIRNg5k-unsplash-682x1024.jpg]
[www.Zonex.com/blogs/wp-content/uploads/2022/02/firmbee-com-jrh5lAq-mIs-unsplash-1024x680.jpg]
[www.Zonex.com/blogs/6-business-benefits-of-machine-learning/index.html]
[www.Zonex.com/blogs/tag/humans/index.html]
[www.Zonex.com/blogs/tag/machines/index.html]
[www.Zonex.com/blogs/category/artificial-intelligence/machine-learning/feed/index.html]
[www.Zonex.com/blogs/category/artificial-intelligence/machine-learning/index.html]
[www.Zonex.com/blogs/wp-json/wp/v2/categories/442.json]
[www.Zonex.com/blogs/wp-content/cache/autoptimize/js/autoptimize_1df05e64bb0d85a55166048096b26003.js]
[www.Zonex.com/blogs/wp-content/cache/autoptimize/css/autoptimize_6faba874a549d586c7886c24e60fa5f0.css]
[www.Zonex.com/blogs/wp-content/cache/autoptimize/js/autoptimize_ef16afeb8daed9740b45302688b2495b.js]
[www.Zonex.com/blogs/author/james/page/2/index.html]
[www.Zonex.com/blogs/author/james/page/3/index.html]
[www.Zonex.com/blogs/wp-content/uploads/2021/04/Screen-Shot-2019-02-28-at-41555-PM-1024x572.jpg]
[www.Zonex.com/blogs/author/james/page/5/index.html]
[www.Zonex.com/blogs/author/james/page/4/index.html]
[www.Zonex.com/blogs/wp-content/uploads/2021/04/images.png]
[www.Zonex.com/blogs/author/james/page/9/index.html]
[www.Zonex.com/blogs/wp-content/uploads/2021/04/SEO-Agency.jpg]
[www.Zonex.com/blogs/new-and-the-latest-trend-of-seo-services-2021/index.html]
[www.Zonex.com/blogs/ultimate-and-the-best-guide-to-web-development/index.html]
[www.Zonex.com/blogs/wp-content/uploads/2021/04/Microsoft-2-1024x576.jpg]
[www.Zonex.com/blogs/wp-content/uploads/2021/04/software-development-companies.jpg]
[www.Zonex.com/blogs/wp-content/uploads/2021/04/Screen-Shot-2019-06-19-at-11.28.03-AM-1024x585-1.png]
[www.Zonex.com/blogs/seo-agency-company-elexoft/index.html]
[www.Zonex.com/blogs/wp-content/uploads/2021/04/Scope-of-Graphic-Designing-in-Future-870x432-1.jpg]
[www.Zonex.com/blogs/wp-content/uploads/2021/02/patrik-michalicka-r3iAqHb7JWs-unsplash.jpg]
[www.Zonex.com/blogs/author/james/page/10/index.html]
[www.Zonex.com/blogs/it-software-company/index.html]
[www.Zonex.com/blogs/indexe33e.html]
[www.Zonex.com/blogs/software-companies-websites/index.html]
[www.Zonex.com/blogs/search-engine-optimization/index.html]
[www.Zonex.com/blogs/graphic-designing/index.html]
[www.Zonex.com/blogs/wp-json/wp/v2/tags/30.json]
[www.Zonex.com/blogs/tag/ecommerce/index.html]
[www.Zonex.com/blogs/category/graphic-design/index.html]
[www.Zonex.com/blogs/know-the-10-main-elements-of-branding/index.html]
[www.Zonex.com/blogs/author/james/page/8/index.html]
[www.Zonex.com/blogs/wp-json/wp/v2/tags/552.json]
[www.Zonex.com/blogs/tag/popupcart/index.html]
[www.Zonex.com/blogs/indexbb8b.html]
[www.Zonex.com/blogs/tag/ecommerce/feed/index.html]
[www.Zonex.com/blogs/tag/popupcart/feed/index.html]
[www.Zonex.com/blogs/wp-json/wp/v2/tags/551.json]
[www.Zonex.com/blogs/tag/boost/index.html]
[www.Zonex.com/blogs/tag/boost/feed/index.html]
[www.Zonex.com/blogs/wp-json/wp/v2/tags/550.json]
[www.Zonex.com/blogs/tag/sales/index.html]
[www.Zonex.com/blogs/tag/sales/feed/index.html]
[www.Zonex.com/blogs/wp-json/wp/v2/tags/549.json]
[www.Zonex.com/blogs/tag/side-cart/index.html]
[www.Zonex.com/blogs/indexbb05.html]
[www.Zonex.com/blogs/tag/side-cart/feed/index.html]
[www.Zonex.com/blogs/wp-content/cache/autoptimize/css/autoptimize_44d14990981ed33c5cc5ef09f0cc1890.css]
[www.Zonex.com/blogs/wp-json/wp/v2/pages/7427.json]
[www.Zonex.com/blogs/wp-json/oembed/1.0/embed52d7.json]
[www.Zonex.com/blogs/wp-json/oembed/1.0/embeddb35]
[www.Zonex.com/blogs/wp-content/uploads/2022/09/34b4e653907c43d34b17b2c279459bd6.png]
[www.Zonex.com/blogs/digital-marketing-plans/index.html]
[www.Zonex.com/blogs/tag/ecommerce-websites/index.html]
[www.Zonex.com/blogs/wp-json/wp/v2/tags/545.json]
[www.Zonex.com/blogs/tag/ecommerce-websites/feed/index.html]
[www.Zonex.com/blogs/wp-json/wp/v2/tags/64.json]
[www.Zonex.com/blogs/tag/marketing/feed/index.html]
[www.Zonex.com/blogs/wp-content/uploads/2021/01/pexels-sklei-823059.jpg]
[www.Zonex.com/blogs/wp-content/uploads/2020/08/wes-hicks-4-EeTnaC1S4-unsplash-1.jpg]
[www.Zonex.com/blogs/top-4-changes-in-the-marketing-and-sales-market-in-2021/index.html]
[www.Zonex.com/blogs/wp-content/uploads/2020/01/rtvyuhly8ugb-m-kjjn.jpg]
[www.Zonex.com/blogs/tag/marketing/index.html]
[www.Zonex.com/blogs/creating-useful-content-for-articles/index.html]
[www.Zonex.com/blogs/tag/social/index.html]
[www.Zonex.com/blogs/wp-json/wp/v2/tags/546.json]
[www.Zonex.com/blogs/new-digital-marketing-methods-trends-for-2020-2021/index.html]
[www.Zonex.com/blogs/wp-content/uploads/2022/12/pexels-dominika-roseclay-905163.jpg]
[www.Zonex.com/blogs/tag/social/feed/index.html]
[www.Zonex.com/blogs/wp-json/wp/v2/posts/7298.json]
[www.Zonex.com/blogs/11-tips-to-improve-your-social-media-marketing-performance/feed/index.html]
[www.Zonex.com/blogs/wp-json/oembed/1.0/embed9bb6.json]
[www.Zonex.com/blogs/wp-json/oembed/1.0/embedd096]
[www.Zonex.com/blogs/wp-content/uploads/2022/12/pexels-pixabay-270669-1024x680.jpg]
[www.Zonex.com/blogs/wp-content/uploads/2022/12/pexels-polina-zimmerman-3782235-1024x682.jpg]
[www.Zonex.com/blogs/wp-content/uploads/2022/12/pexels-pixabay-267350-1-1024x743.jpg]
[www.Zonex.com/blogs/wp-content/uploads/2022/12/pexels-kerde-severin-1542252-1024x682.jpg]
[www.Zonex.com/blogs/wp-content/uploads/2022/12/pexels-fauxels-3184418-1024x682.jpg]
[www.Zonex.com/blogs/wp-content/uploads/2022/12/pexels-andrea-piacquadio-3885618-1024x694.jpg]
[www.Zonex.com/blogs/11-tips-to-improve-your-social-media-marketing-performance/index.html]
[www.Zonex.com/blogs/wp-json/wp/v2/categories/506.json]
[www.Zonex.com/blogs/category/digital-marketing/social-media-marketing/index.html]
[www.Zonex.com/blogs/tag/seo-services/index.html]
[www.Zonex.com/blogs/category/digital-marketing/page/2/index.html]
[www.Zonex.com/blogs/tag/social-media-marketing/index.html]
[www.Zonex.com/blogs/tag/software-company/index.html]
[www.Zonex.com/blogs/category/digital-marketing/social-media-marketing/feed/index.html]
[www.Zonex.com/blogs/wp-content/uploads/2022/11/Image-3.png]
[www.Zonex.com/blogs/category/digital-marketing/page/4/index.html]
[www.Zonex.com/blogs/wp-json/wp/v2/posts/7290.json]
[www.Zonex.com/blogs/a-complete-guide-about-domain-authority-does-it-matter-in-website-rankings/feed/index.html]
[www.Zonex.com/blogs/wp-json/oembed/1.0/embed646d.json]
[www.Zonex.com/blogs/wp-json/oembed/1.0/embed9cb8]
[www.Zonex.com/blogs/wp-content/uploads/2022/11/image-1-1024x787.png]
[www.Zonex.com/blogs/wp-content/uploads/2022/11/image-2-1024x900.png]
[www.Zonex.com/blogs/wp-content/uploads/2022/09/What-Is-Local-SEO-and-5-Reasons-Why-Its-Important-600x403.png]
[www.Zonex.com/blogs/tag/complete-guide/index.html]
[www.Zonex.com/blogs/tag/domain-authority/index.html]
[www.Zonex.com/blogs/wp-content/uploads/2022/09/sticker-with-the-inscription-seo-in-female-hands-o-2022-08-01-04-52-48-utc-600x403.jpg]
[www.Zonex.com/blogs/a-complete-guide-about-domain-authority-does-it-matter-in-website-rankings/index.html]
[www.Zonex.com/blogs/tag/website-rankings/index.html]
[www.Zonex.com/blogs/category/digital-marketing/seo/domain-authority/index.html]
[www.Zonex.com/blogs/wp-json/wp/v2/categories/503.json]
[www.Zonex.com/blogs/category/digital-marketing/seo/domain-authority/feed/index.html]
[www.Zonex.com/blogs/wp-json/wp/v2/posts/7265.json]
[www.Zonex.com/blogs/what-is-visual-content-marketing-how-to-benefit-from-it/feed/index.html]
[www.Zonex.com/blogs/wp-json/oembed/1.0/embed9515.json]
[www.Zonex.com/blogs/wp-json/oembed/1.0/embed3d9d]
[www.Zonex.com/blogs/wp-content/uploads/2022/11/image.png]
[www.Zonex.com/blogs/what-is-visual-content-marketing-how-to-benefit-from-it/index.html]
[www.Zonex.com/blogs/wp-content/uploads/2022/09/What-Is-Local-SEO-and-5-Reasons-Why-Its-Important.png]
[www.Zonex.com/blogs/tag/benefits/index.html]
[www.Zonex.com/blogs/tag/how/index.html]
[www.Zonex.com/blogs/tag/visual-marketing/index.html]
[www.Zonex.com/blogs/wp-json/wp/v2/posts/7245.json]
[www.Zonex.com/blogs/what-is-local-seo-and-5-reasons-why-its-important/feed/index.html]
[www.Zonex.com/blogs/wp-json/oembed/1.0/embed1c15.json]
[www.Zonex.com/blogs/wp-json/oembed/1.0/embedb30e]
[www.Zonex.com/blogs/wp-content/uploads/2022/09/image.png]
[www.Zonex.com/blogs/wp-content/uploads/2022/09/image-1.png]
[www.Zonex.com/blogs/wp-content/uploads/2022/11/Image-3-600x403.png]
[www.Zonex.com/blogs/what-is-local-seo-and-5-reasons-why-its-important/index.html]
[www.Zonex.com/blogs/tag/local-seo/index.html]
[www.Zonex.com/blogs/wp-json/wp/v2/categories/496.json]
[www.Zonex.com/blogs/category/digital-marketing/seo/local-seo/index.html]
[www.Zonex.com/blogs/category/digital-marketing/seo/local-seo/feed/index.html]
[www.Zonex.com/blogs/wp-content/uploads/2022/09/sticker-with-the-inscription-seo-in-female-hands-o-2022-08-01-04-52-48-utc.jpg]
[www.Zonex.com/blogs/wp-json/wp/v2/posts/7240.json]
[www.Zonex.com/blogs/top-on-page-seo-tips-and-strategies-to-rank-higher/feed/index.html]
[www.Zonex.com/blogs/wp-json/oembed/1.0/embed3a2c.json]
[www.Zonex.com/blogs/top-on-page-seo-tips-and-strategies-to-rank-higher/index.html]
[www.Zonex.com/blogs/wp-json/oembed/1.0/embed4269]
[www.Zonex.com/blogs/wp-content/uploads/2022/01/1-31-2017-12-58-38-PM-10033623-1024x683.jpg]
[www.Zonex.com/blogs/49-seo-tools/index.html]
[www.Zonex.com/blogs/tag/onpage/index.html]
[www.Zonex.com/blogs/wp-content/uploads/2022/01/myriam-jessier-VHXiGXxwOQ4-unsplash-1024x772.jpg]
[www.Zonex.com/blogs/tag/strategies/index.html]
[www.Zonex.com/blogs/wp-content/uploads/2021/12/hacking-3112539_640-1.png]
[www.Zonex.com/blogs/tag/top-tips/index.html]
[www.Zonex.com/blogs/wp-content/uploads/2021/09/remote-team-pnp.jpg]
[www.Zonex.com/blogs/how-to-easily-create-quality-content/index.html]
[www.Zonex.com/blogs/wp-content/uploads/2021/06/Digital-Marketing-services.png]
[www.Zonex.com/blogs/category/digital-marketing/page/3/index.html]
[www.Zonex.com/blogs/tips-to-improve-rankings-a-complete-local-seo-checklist-for-2022/index.html]
[www.Zonex.com/blogs/why-cyber-security-is-important-for-digital-marketers-in-2022/index.html]
[www.Zonex.com/blogs/category/security/cyber-security/index.html]
[www.Zonex.com/blogs/wp-content/uploads/2020/06/austin-distel-VvAcrVa56fc-unsplash-1-1.jpg]
[www.Zonex.com/blogs/how-can-web-development-benefit-small-non-profit-organizations/index.html]
[www.Zonex.com/blogs/wp-content/uploads/2020/05/How-to-find-your-target-audience-1024x683.jpg]
[www.Zonex.com/blogs/category/organization/non-profit/index.html]
[www.Zonex.com/blogs/wp-content/uploads/2020/05/up-2081170_1280-1.jpg]
[www.Zonex.com/blogs/digital-marketing-for-software-companies-in-2021/index.html]
[www.Zonex.com/blogs/wp-content/uploads/2020/02/Webp.net-resizeimage-1.jpg]
[www.Zonex.com/blogs/category/digital-marketing/page/5/index.html]
[www.Zonex.com/blogs/wp-content/uploads/2019/12/xcvxcvxcvcx-1.png]
[www.Zonex.com/blogs/category/digital-marketing/page/6/index.html]
[www.Zonex.com/blogs/position-yourself-in-the-market-of-competitors-software-house-in-lahore/index.html]
[www.Zonex.com/blogs/wp-json/wp/v2/posts/7120.json]
[www.Zonex.com/blogs/how-to-find-your-target-audience/index.html]
[www.Zonex.com/blogs/branding-versus-performance-or-for-software-house-in-lahore/index.html]
[www.Zonex.com/blogs/wp-json/oembed/1.0/embede079.json]
[www.Zonex.com/blogs/video-ads-on-youtube-software-house-in-lahore/index.html]
[www.Zonex.com/blogs/publish-on-social-networks-in-pakistan/index.html]
[www.Zonex.com/blogs/wp-json/oembed/1.0/embed2c80]
[www.Zonex.com/blogs/detailed-comparison-of-ecommerce-platforms-woocommerce-vs-magento-vs-shopify/feed/index.html]
[www.Zonex.com/blogs/wp-content/uploads/2022/06/magento-vs-shopify-vs-woocommerce-1.jpg]
[www.Zonex.com/blogs/wp-content/uploads/2021/10/ecommerce-website-development-quick-guide-600x403.png]
[www.Zonex.com/blogs/tag/magento/index.html]
[www.Zonex.com/blogs/wp-content/uploads/2021/06/E-commerce-development-company-600x403.jpg]
[www.Zonex.com/blogs/detailed-comparison-of-ecommerce-platforms-woocommerce-vs-magento-vs-shopify/index.html]
[www.Zonex.com/blogs/tag/shopify/index.html]
[www.Zonex.com/blogs/wp-json/wp/v2/categories/459.json]
[www.Zonex.com/blogs/category/ecommerce/comparison/index.html]
[www.Zonex.com/blogs/category/ecommerce/comparison/feed/index.html]
[www.Zonex.com/blogs/wp-content/uploads/2021/10/ecommerce-website-development-quick-guide.png]
[www.Zonex.com/blogs/wp-json/wp/v2/posts/6761.json]
[www.Zonex.com/blogs/the-future-of-web-development/feed/index.html]
[www.Zonex.com/blogs/wp-json/oembed/1.0/embed96be.json]
[www.Zonex.com/blogs/wp-json/oembed/1.0/embed8920]
[www.Zonex.com/blogs/wp-content/uploads/2021/10/Web-Dev-Blog.png]
[www.Zonex.com/blogs/wp-content/uploads/2021/10/New-Project-29-1024x436.jpg]
[www.Zonex.com/blogs/the-future-of-web-development/index.html]
[www.Zonex.com/blogs/wp-content/uploads/2021/06/E-commerce-development-company.jpg]
[www.Zonex.com/blogs/how-to-build-a-video-marketing-campaign/index.html]
[www.Zonex.com/blogs/tag/web-development/index.html]
[www.Zonex.com/blogs/e-commerce-website-development-in-pakistan-2021/feed/index.html]
[www.Zonex.com/blogs/wp-json/wp/v2/posts/6687.json]
[www.Zonex.com/blogs/wp-json/oembed/1.0/embed0476.json]
[www.Zonex.com/blogs/wp-json/oembed/1.0/embed4a1b]
[www.Zonex.com/blogs/wp-content/uploads/2021/06/E-commerce-website-development.jpg]
[www.Zonex.com/blogs/wp-content/uploads/2022/06/Shopify-vs-Woocommerce-vs-Magento-2-600x403.jpg]
[www.Zonex.com/blogs/tag/e-commerce-website-development/index.html]
[www.Zonex.com/blogs/wp-content/uploads/2021/11/1-advantages-a-cyprus-t-1547032657-600x403.png]
[www.Zonex.com/blogs/e-commerce-website-development-in-pakistan-2021/index.html]
[www.Zonex.com/blogs/tag/website-development-company/index.html]
[www.Zonex.com/blogs/web-development-services-in-the-usa-future-predictions/index.html]
[www.Zonex.com/blogs/web-development-services-in-dubai/index.html]
[www.Zonex.com/blogs/wp-json/wp/v2/categories/397.json]
[www.Zonex.com/blogs/category/custom-software-development/feed/index.html]
[www.Zonex.com/blogs/wp-content/uploads/2021/08/enterprise-software-development_cover-scaled-1-1024x731.jpg]
[www.Zonex.com/blogs/the-rise-of-enterprise-software-development-in-2021/index.html]
[www.Zonex.com/blogs/wp-content/uploads/2021/06/CRM_Customer_Relationship_Management.jpg]
[www.Zonex.com/blogs/wp-content/uploads/2021/06/custom-software-development-1.png]
[www.Zonex.com/blogs/category/custom-software-development/index.html]
[www.Zonex.com/blogs/category/enterprise-software-development/index.html]
[www.Zonex.com/blogs/wp-json/wp/v2/categories/389.json]
[www.Zonex.com/blogs/customer-relationship-management-a-beginners-guide/index.html]
[www.Zonex.com/blogs/custom-software-development-in-2021-need-of-the-time/index.html]
[www.Zonex.com/blogs/category/software-company/page/2/index.html]
[www.Zonex.com/blogs/wp-content/uploads/2021/05/Top-8-2021-Trends-In-Enterprise-Software-1-1024x534.jpg]
[www.Zonex.com/blogs/category/software-company/feed/index.html]
[www.Zonex.com/blogs/wp-content/uploads/2021/05/softwaredevelopment.png]
[www.Zonex.com/blogs/category/software-company/index.html]
[www.Zonex.com/blogs/a-sneak-peak-of-enterprise-software-development-trends-in-2021/index.html]
[www.Zonex.com/blogs/wp-content/uploads/2021/06/c4581b52-de20-491a-9fdb-519999e74c0257fc9093-570e-4876-8957-c06dfac2fd6b1.jpg]
[www.Zonex.com/blogs/the-software-development-industry-in-pakistan/index.html]
[www.Zonex.com/blogs/wp-json/wp/v2/posts/6647.json]
[www.Zonex.com/blogs/how-do-web-development-companies-help-to-sustain-online-presence/feed/index.html]
[www.Zonex.com/blogs/wp-json/oembed/1.0/embedfdd1.json]
[www.Zonex.com/blogs/wp-json/oembed/1.0/embed9fe6]
[www.Zonex.com/blogs/wp-content/uploads/2021/06/web-development-companies.jpg]
[www.Zonex.com/blogs/wp-content/uploads/2021/06/image.png]
[www.Zonex.com/blogs/how-do-web-development-companies-help-to-sustain-online-presence/index.html]
[www.Zonex.com/blogs/wp-json/wp/v2/posts/5883.json]
[www.Zonex.com/blogs/graphic-designing-services-in-dubai-2021/index.html]
[www.Zonex.com/blogs/the-evolution-of-ecommerce/feed/index.html]
[www.Zonex.com/blogs/wp-json/oembed/1.0/embed14c1.json]
[www.Zonex.com/blogs/wp-json/oembed/1.0/embed45bd]
[www.Zonex.com/blogs/wp-content/uploads/2019/10/eewgdstr5ufd.jpg]
[www.Zonex.com/blogs/the-evolution-of-ecommerce/index.html]
[www.Zonex.com/blogs/tag/development/index.html]
[www.Zonex.com/blogs/wp-json/wp/v2/categories/29.json]
[www.Zonex.com/blogs/tag/pakistan/index.html]
[www.Zonex.com/blogs/wp-content/uploads/2020/10/content-marketing-5509584_640.png]
[www.Zonex.com/blogs/tag/shopping/index.html]
[www.Zonex.com/blogs/category/web-development/services/feed/index.html]
[www.Zonex.com/blogs/wp-content/uploads/2020/05/Webp.net-resizeimage-1.jpg]
[www.Zonex.com/blogs/wp-content/uploads/2020/04/Freelancing-ee.jpg]
[www.Zonex.com/blogs/category/web-development/services/index.html]
[www.Zonex.com/blogs/9-content-marketing-tips-for-2020/index.html]
[www.Zonex.com/blogs/how-https-affects-site-security-software-house-in-lahore/index.html]
[www.Zonex.com/blogs/wp-json/wp/v2/users/2.json]
[www.Zonex.com/blogs/the-top-freelancing-websites-in-pakistan-software-house-in-lahore/index.html]
[www.Zonex.com/blogs/wp-content/uploads/2021/03/city-1252643_640.png]
[www.Zonex.com/blogs/author/saad/page/2/index.html]
[www.Zonex.com/blogs/wp-content/uploads/2021/03/architecture-4453032_640.jpg]
[www.Zonex.com/blogs/author/saad/feed/index.html]
[www.Zonex.com/blogs/business-digital-transformation/index.html]
[www.Zonex.com/blogs/wp-content/uploads/2021/03/lighthouse-2387845_640.jpg]
[www.Zonex.com/blogs/5-application-development-trends-in-2021/index.html]
[www.Zonex.com/blogs/wp-content/uploads/2021/03/business-3639453_640.jpg]
[www.Zonex.com/blogs/wp-content/uploads/2021/03/new-14-tips.jpg]
[www.Zonex.com/blogs/5-types-of-interactive-content-and-the-benefits/index.html]
[www.Zonex.com/blogs/wp-content/uploads/2021/02/image.png]
[www.Zonex.com/blogs/6-main-brand-positioning-mistakes/index.html]
[www.Zonex.com/blogs/wp-content/uploads/2021/02/keywords-letters-2041816_640.jpg]
[www.Zonex.com/blogs/seo-writing-check-out-14-tips/index.html]
[www.Zonex.com/blogs/meta-tags-facebook-open-graph-and-twitter-cards/index.html]
[www.Zonex.com/blogs/wp-content/uploads/2021/02/pexels-tim-gouw-240222-1.jpg]
[www.Zonex.com/blogs/what-are-branded-keywords-and-why-are-they-so-important-for-content-marketing/index.html]
[www.Zonex.com/blogs/wp-content/uploads/2021/01/pexels-pixabay-39621.jpg]
[www.Zonex.com/blogs/meet-digital-branding-digital-brand-company/index.html]
[www.Zonex.com/blogs/wp-content/uploads/2021/01/statistics-5041845_640.jpg]
[www.Zonex.com/blogs/author/saad/index.html]
[www.Zonex.com/blogs/how-to-beat-the-marketing-competition-5-strategies/index.html]
[www.Zonex.com/blogs/index19f5.html]
[www.Zonex.com/blogs/seo-trends-for-2021-what-to-focus-on-now/index.html]
[www.Zonex.com/blogs/author/saad/page/3/index.html]
[www.Zonex.com/blogs/wp-json/wp/v2/tags/465.json]
[www.Zonex.com/blogs/tag/google/index.html]
[www.Zonex.com/blogs/author/saad/page/7/index.html]
[www.Zonex.com/blogs/tag/google/feed/index.html]
[www.Zonex.com/blogs/wp-json/wp/v2/tags/544.json]
[www.Zonex.com/blogs/tag/optimize/index.html]
[www.Zonex.com/blogs/tag/optimize/feed/index.html]
[www.Zonex.com/blogs/wp-json/wp/v2/tags/49.json]
[www.Zonex.com/blogs/tag/seo/page/2/index.html]
[www.Zonex.com/blogs/tag/seo/feed/index.html]
[www.Zonex.com/blogs/wp-content/uploads/2021/10/Budget-video-editing-tools-for-Mac-PC-Filmora-9-vs-FilmoraPro.jpg]
[www.Zonex.com/blogs/tag/seo/index.html]
[www.Zonex.com/blogs/wp-content/uploads/2022/07/Top-3-Places-Where-You-can-Find-Free-Keyword-Analysis-Resources.png]
[www.Zonex.com/blogs/category/video/index.html]
[www.Zonex.com/blogs/wp-json/wp/v2/posts/7149.json]
[www.Zonex.com/blogs/top-3-places-where-you-can-find-free-keyword-analysis-resources/feed/index.html]
[www.Zonex.com/blogs/wp-json/oembed/1.0/embede355.json]
[www.Zonex.com/blogs/wp-json/oembed/1.0/embedb468]
[www.Zonex.com/blogs/wp-content/uploads/2022/07/0-5-best-keyword-research-tools-hero-image.jpg]
[www.Zonex.com/blogs/wp-content/uploads/2024/03/image-600x403.png]
[www.Zonex.com/blogs/top-3-places-where-you-can-find-free-keyword-analysis-resources/index.html]
[www.Zonex.com/blogs/wp-json/wp/v2/categories/468.json]
[www.Zonex.com/blogs/tag/keywords/index.html]
[www.Zonex.com/blogs/category/digital-marketing/keyword-analysis/index.html]
[www.Zonex.com/blogs/tag/analaysis/index.html]
[www.Zonex.com/blogs/tag/tools/index.html]
[www.Zonex.com/blogs/category/digital-marketing/keyword-analysis/feed/index.html]
[www.Zonex.com/blogs/tag/top-3/index.html]
[www.Zonex.com/blogs/wp-json/wp/v2/posts/7048.json]
[www.Zonex.com/blogs/how-to-improve-your-content-localization-strategy-for-2022/feed/index.html]
[www.Zonex.com/blogs/wp-json/oembed/1.0/embedf7ef.json]
[www.Zonex.com/blogs/wp-json/oembed/1.0/embedb1e5]
[www.Zonex.com/blogs/wp-content/uploads/2022/02/plans-ga1ca44c0c_1920-1024x683.jpg]
[www.Zonex.com/blogs/how-to-improve-your-content-localization-strategy-for-2022/index.html]
[www.Zonex.com/blogs/index8edb.html]
[www.Zonex.com/blogs/tag/2022/index.html]
[www.Zonex.com/blogs/tag/content-localization/index.html]
[www.Zonex.com/blogs/wp-json/wp/v2/tags/540.json]
[www.Zonex.com/blogs/tag/efficiency/index.html]
[www.Zonex.com/blogs/tag/efficiency/feed/index.html]
[www.Zonex.com/blogs/wp-json/wp/v2/tags/537.json]
[www.Zonex.com/blogs/tag/netsuite/index.html]
[www.Zonex.com/blogs/tag/netsuite/feed/index.html]
[www.Zonex.com/blogs/wp-json/wp/v2/tags/536.json]
[www.Zonex.com/blogs/tag/optimization-services/index.html]
[www.Zonex.com/blogs/tag/optimization-services/feed/index.html]
[www.Zonex.com/blogs/wp-json/wp/v2/tags/81.json]
[www.Zonex.com/blogs/tag/performance/index.html]
[www.Zonex.com/blogs/index458d.html]
[www.Zonex.com/blogs/tag/performance/feed/index.html]
[www.Zonex.com/blogs/wp-json/wp/v2/tags/535.json]
[www.Zonex.com/blogs/tag/backup/index.html]
[www.Zonex.com/blogs/tag/backup/feed/index.html]
[www.Zonex.com/blogs/wp-json/wp/v2/tags/458.json]
[www.Zonex.com/blogs/tag/cloud-storage/index.html]
[www.Zonex.com/blogs/tag/cloud-storage/feed/index.html]
[www.Zonex.com/blogs/wp-json/wp/v2/tags/478.json]
[www.Zonex.com/blogs/tag/data/index.html]
[www.Zonex.com/blogs/index8377.html]
[www.Zonex.com/blogs/tag/data/feed/index.html]
[www.Zonex.com/blogs/tag/avoid-mistakes/index.html]
[www.Zonex.com/blogs/wp-json/wp/v2/tags/531.json]
[www.Zonex.com/blogs/tag/avoid-mistakes/feed/index.html]
[www.Zonex.com/blogs/wp-json/wp/v2/tags/530.json]
[www.Zonex.com/blogs/tag/common-digital-marketing-mistakes/index.html]
[www.Zonex.com/blogs/indexc86f.html]
[www.Zonex.com/blogs/tag/common-digital-marketing-mistakes/feed/index.html]
[www.Zonex.com/blogs/tag/campaign/index.html]
[www.Zonex.com/blogs/wp-json/wp/v2/tags/528.json]
[www.Zonex.com/blogs/tag/campaign/feed/index.html]
[www.Zonex.com/blogs/wp-json/wp/v2/tags/393.json]
[www.Zonex.com/blogs/tag/seo-agency/feed/index.html]
[www.Zonex.com/blogs/wp-content/uploads/2021/04/choosing-the-best-seo-agency-NOLA-1024x512.jpg]
[www.Zonex.com/blogs/tag/seo-agency/index.html]
[www.Zonex.com/blogs/category/digital-marketing/seo/page/2/index.html]
[www.Zonex.com/blogs/ultimate-guide-about-how-to-choose-right-seo-agency-for-yourself/index.html]
[www.Zonex.com/blogs/wp-content/uploads/2022/07/TopFive-Ways-to-Improve-your-Site.png]
[www.Zonex.com/blogs/wp-json/wp/v2/posts/7142.json]
[www.Zonex.com/blogs/what-is-seo-top-five-ways-to-improve-your-sites-ranking-seo/feed/index.html]
[www.Zonex.com/blogs/wp-json/oembed/1.0/embed24ef.json]
[www.Zonex.com/blogs/what-is-seo-top-five-ways-to-improve-your-sites-ranking-seo/index.html]
[www.Zonex.com/blogs/wp-json/oembed/1.0/embedfbad]
[www.Zonex.com/blogs/tag/bing/index.html]
[www.Zonex.com/blogs/wp-json/wp/v2/categories/48.json]
[www.Zonex.com/blogs/category/search-engine-optimization/index.html]
[www.Zonex.com/blogs/tag/yahoo/index.html]
[www.Zonex.com/blogs/category/search-engine-optimization/page/2/index.html]
[www.Zonex.com/blogs/category/search-engine-optimization/feed/index.html]
[www.Zonex.com/blogs/wp-json/wp/v2/posts/7113.json]
[www.Zonex.com/blogs/a-step-by-step-guide-to-on-page-seo-2021/index.html]
[www.Zonex.com/blogs/wp-json/oembed/1.0/embed44f7.json]
[www.Zonex.com/blogs/category/search-engine-optimization/page/3/index.html]
[www.Zonex.com/blogs/the-role-and-significance-of-seo-in-digital-marketing/feed/index.html]
[www.Zonex.com/blogs/wp-json/oembed/1.0/embedc72d]
[www.Zonex.com/blogs/the-role-and-significance-of-seo-in-digital-marketing/index.html]
[www.Zonex.com/blogs/wp-content/uploads/2022/04/2-1.png]
[www.Zonex.com/blogs/tag/digital-marketing/index.html]
[www.Zonex.com/blogs/wp-json/wp/v2/posts/7103.json]
[www.Zonex.com/blogs/digital-marketing-for-your-diamond-business-why-its-needed/feed/index.html]
[www.Zonex.com/blogs/wp-json/oembed/1.0/embedb39a.json]
[www.Zonex.com/blogs/wp-json/oembed/1.0/embed5204]
[www.Zonex.com/blogs/digital-marketing-for-your-diamond-business-why-its-needed/index.html]
[www.Zonex.com/blogs/wp-json/wp/v2/posts/7065.json]
[www.Zonex.com/blogs/tag/diamond-business/index.html]
[www.Zonex.com/blogs/top-4-seo-hacks-that-every-digital-marketer-should-know/feed/index.html]
[www.Zonex.com/blogs/wp-json/oembed/1.0/embedff73.json]
[www.Zonex.com/blogs/top-4-seo-hacks-that-every-digital-marketer-should-know/index.html]
[www.Zonex.com/blogs/wp-json/oembed/1.0/embed9b56]
[www.Zonex.com/blogs/wp-json/wp/v2/posts/7042.json]
[www.Zonex.com/blogs/tag/top-seo-hacks/index.html]
[www.Zonex.com/blogs/5-benefits-of-hiring-a-digital-marketing-agency/feed/index.html]
[www.Zonex.com/blogs/wp-json/oembed/1.0/embedb86d.json]
[www.Zonex.com/blogs/5-benefits-of-hiring-a-digital-marketing-agency/index.html]
[www.Zonex.com/blogs/indexc3af.html]
[www.Zonex.com/blogs/wp-json/oembed/1.0/embed1008]
[www.Zonex.com/blogs/wp-json/wp/v2/tags/395.json]
[www.Zonex.com/blogs/tag/web-design/feed/index.html]
[www.Zonex.com/blogs/wp-content/uploads/2021/05/image-for-website-designing-company.png]
[www.Zonex.com/blogs/tag/web-design/index.html]
[www.Zonex.com/blogs/wp-content/uploads/2022/11/christopher-gower-m_HRfLhgABo-unsplash.jpg]
[www.Zonex.com/blogs/one-stop-guide-to-web-design-company/index.html]
[www.Zonex.com/blogs/web-development-why-a-well-developed-website-matters-to-every-business/feed/index.html]
[www.Zonex.com/blogs/wp-json/wp/v2/posts/7273.json]
[www.Zonex.com/blogs/wp-json/oembed/1.0/embed1779.json]
[www.Zonex.com/blogs/web-development-why-a-well-developed-website-matters-to-every-business/index.html]
[www.Zonex.com/blogs/wp-json/oembed/1.0/embed66de]
[www.Zonex.com/blogs/wp-content/uploads/2022/03/dsfsd.png]
[www.Zonex.com/blogs/tag/site/index.html]
[www.Zonex.com/blogs/tag/business/index.html]
[www.Zonex.com/blogs/wp-json/wp/v2/posts/7078.json]
[www.Zonex.com/blogs/html-best-practices-to-build-a-better-html-based-website/feed/index.html]
[www.Zonex.com/blogs/wp-json/oembed/1.0/embedc9ac.json]
[www.Zonex.com/blogs/html-best-practices-to-build-a-better-html-based-website/index.html]
[www.Zonex.com/blogs/wp-json/oembed/1.0/embed4b9b]
[www.Zonex.com/blogs/wp-json/wp/v2/posts/6725.json]
[www.Zonex.com/blogs/tag/html/index.html]
[www.Zonex.com/blogs/wp-json/oembed/1.0/embed8380.json]
[www.Zonex.com/blogs/mobile-website-vs-mobile-app-which-is-best-for-your-organization/feed/index.html]
[www.Zonex.com/blogs/tag/best-practices/index.html]
[www.Zonex.com/blogs/wp-json/oembed/1.0/embedd218]
[www.Zonex.com/blogs/wp-content/uploads/2023/10/A-Comprehensive-Guide-to-Implementing-Push-Notifications-in-iOS-600x403.png]
[www.Zonex.com/blogs/mobile-website-vs-mobile-app-which-is-best-for-your-organization/index.html]
[www.Zonex.com/blogs/tag/comparison/index.html]
[www.Zonex.com/blogs/tag/mobile-apps/index.html]
[www.Zonex.com/blogs/wp-json/wp/v2/categories/44.json]
[www.Zonex.com/blogs/tag/web-apps/index.html]
[www.Zonex.com/blogs/category/android/feed/index.html]
[www.Zonex.com/blogs/wp-content/uploads/2021/06/mobile-app-future.png]
[www.Zonex.com/blogs/wp-content/uploads/2021/05/shutterstock_572886535.jpg]
[www.Zonex.com/blogs/wp-content/uploads/2021/05/mobile-app-development-companies-1024x457.jpg]
[www.Zonex.com/blogs/category/android/index.html]
[www.Zonex.com/blogs/ultimate-guide-to-app-development-software/index.html]
[www.Zonex.com/blogs/wp-json/wp/v2/categories/405.json]
[www.Zonex.com/blogs/category/mobile-apps/index.html]
[www.Zonex.com/blogs/index5b86.html]
[www.Zonex.com/blogs/top-rated-app-development-companies-of-2021/index.html]
[www.Zonex.com/blogs/category/mobile-apps/feed/index.html]
[www.Zonex.com/blogs/wp-json/wp/v2/tags/526.json]
[www.Zonex.com/blogs/tag/push-notifications/index.html]
[www.Zonex.com/blogs/tag/push-notifications/feed/index.html]
[www.Zonex.com/blogs/wp-json/wp/v2/tags/53.json]
[www.Zonex.com/blogs/tag/social-media/index.html]
[www.Zonex.com/blogs/tag/social-media/feed/index.html]
[www.Zonex.com/blogs/wp-json/wp/v2/posts/6713.json]
[www.Zonex.com/blogs/app-development-companies-in-the-usa/feed/index.html]
[www.Zonex.com/blogs/wp-json/oembed/1.0/embed5dd5.json]
[www.Zonex.com/blogs/wp-json/oembed/1.0/embed1b43]
[www.Zonex.com/blogs/wp-content/uploads/2021/08/app-development-companies-16-feb.jpg]
[www.Zonex.com/blogs/wp-content/uploads/2021/09/kuggjgj-600x403.jpg]
[www.Zonex.com/blogs/app-development-companies-in-the-usa/index.html]
[www.Zonex.com/blogs/wp-json/wp/v2/categories/42.json]
[www.Zonex.com/blogs/tag/android-apps/index.html]
[www.Zonex.com/blogs/tag/ios-apps/index.html]
[www.Zonex.com/blogs/wp-content/uploads/2021/05/gg.png]
[www.Zonex.com/blogs/tag/mobile-app-development/index.html]
[www.Zonex.com/blogs/wp-content/uploads/2021/04/mobile-app-development-methodologies.jpg]
[www.Zonex.com/blogs/category/mobile-apps-development/index.html]
[www.Zonex.com/blogs/tag/mobile-application/index.html]
[www.Zonex.com/blogs/category/mobile-apps-development/page/2/index.html]
[www.Zonex.com/blogs/an-in-depth-know-how-of-mobile-development-in-2021/index.html]
[www.Zonex.com/blogs/wp-json/wp/v2/posts/6615.json]
[www.Zonex.com/blogs/category/mobile-apps-development/feed/index.html]
[www.Zonex.com/blogs/an-ultimate-guide-to-mobile-app-development/index.html]
[www.Zonex.com/blogs/wp-json/oembed/1.0/embed1686.json]
[www.Zonex.com/blogs/top-app-development-companies-in-2021/feed/index.html]
[www.Zonex.com/blogs/wp-json/oembed/1.0/embedd0b2]
[www.Zonex.com/blogs/wp-content/uploads/2021/06/OTT-Video-App-Development-Basics-Types-Market-Features-Cost.png]
[www.Zonex.com/blogs/top-app-development-companies-in-2021/index.html]
[www.Zonex.com/blogs/wp-content/uploads/2021/05/Top-Mobile-App-Development-Frameworks-in-2021.jpg]
[www.Zonex.com/blogs/wp-json/wp/v2/posts/6606.json]
[www.Zonex.com/blogs/the-leading-mobile-applications-in-2021/feed/index.html]
[www.Zonex.com/blogs/wp-json/oembed/1.0/embed3f8b.json]
[www.Zonex.com/blogs/wp-json/oembed/1.0/embedf7f9]
[www.Zonex.com/blogs/wp-content/uploads/2021/05/mobile-app-trends-featured-main-image-web-final.jpg]
[www.Zonex.com/blogs/the-leading-mobile-applications-in-2021/index.html]
[www.Zonex.com/blogs/wp-json/wp/v2/posts/6587.json]
[www.Zonex.com/blogs/a-beginners-guide-to-web-development/index.html]
[www.Zonex.com/blogs/important-aspects-of-mobile-app-development-you-need-to-know/feed/index.html]
[www.Zonex.com/blogs/wp-json/oembed/1.0/embed08a1.json]
[www.Zonex.com/blogs/wp-json/oembed/1.0/embed0c91]
[www.Zonex.com/blogs/wp-content/uploads/2021/05/sps.png]
[www.Zonex.com/blogs/important-aspects-of-mobile-app-development-you-need-to-know/index.html]
[www.Zonex.com/blogs/tag/mobile-application-development/index.html]
[www.Zonex.com/blogs/build-an-ios-app-cost-pros-and-cons/feed/index.html]
[www.Zonex.com/blogs/wp-json/wp/v2/posts/6176.json]
[www.Zonex.com/blogs/tag/react-native-mobile-application/index.html]
[www.Zonex.com/blogs/wp-json/oembed/1.0/embed12ff.json]
[www.Zonex.com/blogs/wp-json/oembed/1.0/embedb0f7]
[www.Zonex.com/blogs/wp-content/uploads/2020/03/new-ADASDASDR3WR.jpg]
[www.Zonex.com/blogs/build-an-ios-app-cost-pros-and-cons/index.html]
[www.Zonex.com/blogs/tag/ios-app/index.html]
[www.Zonex.com/blogs/wp-content/uploads/2020/04/app-store-marketing-eeee.png]
[www.Zonex.com/blogs/wp-json/wp/v2/posts/6054.json]
[www.Zonex.com/blogs/tag/ios-application/index.html]
[www.Zonex.com/blogs/tag/ios-technology/index.html]
[www.Zonex.com/blogs/tag/mac/index.html]
[www.Zonex.com/blogs/wp-json/oembed/1.0/embed44ee.json]
[www.Zonex.com/blogs/4-advantages-of-ios-over-android/index.html]
[www.Zonex.com/blogs/wp-json/oembed/1.0/embed28fb]
[www.Zonex.com/blogs/best-web-hosting-service-websites/index.html]
[www.Zonex.com/blogs/apps-store-optimization-aso-software-house-in-lahore/feed/index.html]
[www.Zonex.com/blogs/wp-content/uploads/2020/04/ffghjjhgfdsgh.jpg]
[www.Zonex.com/blogs/apps-store-optimization-aso-software-house-in-lahore/index.html]
[www.Zonex.com/blogs/wp-json/wp/v2/categories/77.json]
[www.Zonex.com/blogs/category/aso/index.html]
[www.Zonex.com/blogs/tag/app-store-optimization/index.html]
[www.Zonex.com/blogs/index88c8.html]
[www.Zonex.com/blogs/tag/aso/index.html]
[www.Zonex.com/blogs/tag/application/index.html]
[www.Zonex.com/blogs/create-mobile-app-landing-pages-for-website-software-house-in-lahore/index.html]
[www.Zonex.com/blogs/category/aso/feed/index.html]
[www.Zonex.com/blogs/wp-json/wp/v2/tags/525.json]
[www.Zonex.com/blogs/tag/best/index.html]
[www.Zonex.com/blogs/tag/best/feed/index.html]
[www.Zonex.com/blogs/wp-json/wp/v2/tags/522.json]
[www.Zonex.com/blogs/tag/design/index.html]
[www.Zonex.com/blogs/tag/design/feed/index.html]
[www.Zonex.com/blogs/wp-json/wp/v2/tags/524.json]
[www.Zonex.com/blogs/tag/emulator/index.html]
[www.Zonex.com/blogs/tag/emulator/feed/index.html]
[www.Zonex.com/blogs/wp-json/wp/v2/tags/499.json]
[www.Zonex.com/blogs/tag/website/index.html]
[www.Zonex.com/blogs/tag/website/feed/index.html]
[www.Zonex.com/blogs/wp-content/uploads/2021/07/Web-development-services-in-USA.jpg]
[www.Zonex.com/blogs/wp-content/uploads/2021/06/Web-development-Services-in-dubai-1024x576.png]
[www.Zonex.com/blogs/wp-content/uploads/2021/06/Web-development-compnay-1024x683.jpg]
[www.Zonex.com/blogs/web-development-services-in-dubai-2021/index.html]
[www.Zonex.com/blogs/wp-content/uploads/2021/05/1_rV6_99F42Jr7uR5YtLrHrQ.jpg]
[www.Zonex.com/blogs/wp-content/uploads/2021/05/web-design-development.png]
[www.Zonex.com/blogs/where-to-get-web-design-and-development-services-2021/index.html]
[www.Zonex.com/blogs/wp-content/uploads/2021/05/technology-stack-for-web-application-main.jpg]
[www.Zonex.com/blogs/wp-content/uploads/2021/05/Web-mobile-development-banner-06.jpg]
[www.Zonex.com/blogs/step-by-step-guide-to-web-application-development/index.html]
[www.Zonex.com/blogs/category/web-development/page/2/index.html]
[www.Zonex.com/blogs/an-in-depth-guide-on-web-development-services/index.html]
[www.Zonex.com/blogs/wp-content/uploads/2021/11/proxy-gafb82342d_1920.jpg]
[www.Zonex.com/blogs/wp-json/wp/v2/posts/6794.json]
[www.Zonex.com/blogs/website-testing-and-seo-monitoring-with-proxy-how-it-works/feed/index.html]
[www.Zonex.com/blogs/wp-json/oembed/1.0/embed34ff.json]
[www.Zonex.com/blogs/website-testing-and-seo-monitoring-with-proxy-how-it-works/index.html]
[www.Zonex.com/blogs/wp-json/oembed/1.0/embed5a6f]
[www.Zonex.com/blogs/wp-json/wp/v2/categories/425.json]
[www.Zonex.com/blogs/category/web-development/website-testing/index.html]
[www.Zonex.com/blogs/tag/testing/index.html]
[www.Zonex.com/blogs/tag/proxy/index.html]
[www.Zonex.com/blogs/usenet-to-web-3-0-evolution-of-online-discussion-forums/index.html]
[www.Zonex.com/blogs/category/web-development/website-testing/feed/index.html]
[www.Zonex.com/blogs/wp-json/wp/v2/posts/6778.json]
[www.Zonex.com/blogs/what-do-experts-say-about-software-companies-in-cyprus/feed/index.html]
[www.Zonex.com/blogs/wp-json/oembed/1.0/embed8d2f.json]
[www.Zonex.com/blogs/wp-json/oembed/1.0/embedae9d]
[www.Zonex.com/blogs/wp-content/uploads/2021/11/shutterstock_1577103922-lm.jpg]
[www.Zonex.com/blogs/what-do-experts-say-about-software-companies-in-cyprus/index.html]
[www.Zonex.com/blogs/wp-json/wp/v2/categories/40.json]
[www.Zonex.com/blogs/category/world-wide/index.html]
[www.Zonex.com/blogs/tag/software-house/index.html]
[www.Zonex.com/blogs/wp-content/uploads/2021/09/kuggjgj.jpg]
[www.Zonex.com/blogs/wp-json/wp/v2/posts/6742.json]
[www.Zonex.com/blogs/successful-digital-marketing-checklist/feed/index.html]
[www.Zonex.com/blogs/wp-json/oembed/1.0/embedb6b6.json]
[www.Zonex.com/blogs/category/world-wide/feed/index.html]
[www.Zonex.com/blogs/wp-json/oembed/1.0/embed45fa]
[www.Zonex.com/blogs/wp-content/uploads/2021/09/kjhhghtfty-1024x683.jpg]
[www.Zonex.com/blogs/successful-digital-marketing-checklist/index.html]
[www.Zonex.com/blogs/wp-content/uploads/2021/08/domenico-loia-hGV2TfOh0ns-unsplash-scaled.jpg]
[www.Zonex.com/blogs/tag/agency/index.html]
[www.Zonex.com/blogs/tag/checklist/index.html]
[www.Zonex.com/blogs/wp-json/wp/v2/posts/6708.json]
[www.Zonex.com/blogs/5-tips-for-choosing-best-web-development-service-online/feed/index.html]
[www.Zonex.com/blogs/wp-json/oembed/1.0/embedcd03.json]
[www.Zonex.com/blogs/5-tips-for-choosing-best-web-development-service-online/index.html]
[www.Zonex.com/blogs/wp-json/oembed/1.0/embed8dd3]
[www.Zonex.com/blogs/wp-json/wp/v2/categories/398.json]
[www.Zonex.com/blogs/category/iot/index.html]
[www.Zonex.com/blogs/category/iot/feed/index.html]
[www.Zonex.com/blogs/wp-content/uploads/2021/04/Web-mobile-development-banner-06.jpg]
[www.Zonex.com/blogs/wp-content/uploads/2021/01/pexels-designecologist-1779487.jpg]
[www.Zonex.com/blogs/a-comprehensive-guide-about-services-of-a-web-development-company/index.html]
[www.Zonex.com/blogs/wp-content/uploads/2020/11/solen-feyissa-UWVJaDvXW_c-unsplash.jpg]
[www.Zonex.com/blogs/wp-content/uploads/2020/11/typing-849806_640.jpg]
[www.Zonex.com/blogs/professional-website-development/index.html]
[www.Zonex.com/blogs/wp-content/uploads/2020/11/avatar-2191918_640.png]
[www.Zonex.com/blogs/wp-content/uploads/2020/10/pexels-hitesh-choudhary-879109-1-1.jpg]
[www.Zonex.com/blogs/site-to-match-googles-parameters-core-web-vitals-algorithm/index.html]
[www.Zonex.com/blogs/wp-content/uploads/2020/09/computer-1574533_1920-1-1.jpg]
[www.Zonex.com/blogs/web-maintenance-guide/index.html]
[www.Zonex.com/blogs/wp-content/uploads/2020/06/sadasdsadadwwwwqq.jpg]
[www.Zonex.com/blogs/category/web-development/page/3/index.html]
[www.Zonex.com/blogs/advantages-of-a-customer-management-software/index.html]
[www.Zonex.com/blogs/wp-content/uploads/2020/06/dsfdsfdsfsdfdsewe-1.jpg]
[www.Zonex.com/blogs/individual-website-or-template-software-house-in-lahore/index.html]
[www.Zonex.com/blogs/what-cms-to-choose-for-the-site-software-house-in-lahore/index.html]
[www.Zonex.com/blogs/wp-content/uploads/2020/03/mobile_app_landing_pages_1_808x380-d.jpg]
[www.Zonex.com/blogs/wp-content/uploads/2020/01/aGSHADFHGASFDHWGHJDHQWJFVGH.jpg]
[www.Zonex.com/blogs/category/web-development/page/4/index.html]
[www.Zonex.com/blogs/index7cbd.html]
[www.Zonex.com/blogs/top-quality-web-development-company-in-islamabad/index.html]
[www.Zonex.com/blogs/wp-json/wp/v2/tags/519.json]
[www.Zonex.com/blogs/tag/b2b-sales-leads/index.html]
[www.Zonex.com/blogs/tag/b2b-sales-leads/feed/index.html]
[www.Zonex.com/blogs/wp-json/wp/v2/tags/520.json]
[www.Zonex.com/blogs/tag/techniques/index.html]
[www.Zonex.com/blogs/tag/techniques/feed/index.html]
[www.Zonex.com/blogs/wp-json/wp/v2/tags/488.json]
[www.Zonex.com/blogs/tag/top5/index.html]
[www.Zonex.com/blogs/index9bc3.html]
[www.Zonex.com/blogs/tag/top5/feed/index.html]
[www.Zonex.com/blogs/wp-json/wp/v2/tags/516.json]
[www.Zonex.com/blogs/tag/10-tips/index.html]
[www.Zonex.com/blogs/tag/10-tips/feed/index.html]
[www.Zonex.com/blogs/wp-json/wp/v2/tags/197.json]
[www.Zonex.com/blogs/tag/crm/index.html]
[www.Zonex.com/blogs/tag/crm/feed/index.html]
[www.Zonex.com/blogs/wp-json/wp/v2/tags/515.json]
[www.Zonex.com/blogs/tag/user-friendly/index.html]
[www.Zonex.com/blogs/tag/user-friendly/feed/index.html]
[www.Zonex.com/blogs/wp-json/wp/v2/posts/7259.json]
[www.Zonex.com/blogs/benefits-of-integrations-of-crm-and-microsoft-dynamics/feed/index.html]
[www.Zonex.com/blogs/wp-json/oembed/1.0/embed7900.json]
[www.Zonex.com/blogs/wp-json/oembed/1.0/embedcf7f]
[www.Zonex.com/blogs/wp-content/uploads/2022/11/Benefits-of-Integrations-of-CRM-and-Microsoft-Dynamics.png]
[www.Zonex.com/blogs/wp-content/uploads/2023/01/crm-purpose-featured-900x600.jpg]
[www.Zonex.com/blogs/benefits-of-integrations-of-crm-and-microsoft-dynamics/index.html]
[www.Zonex.com/blogs/tag/microsoft-dynamics/index.html]
[www.Zonex.com/blogs/customer-relationship-management-softwares-in-2021/feed/index.html]
[www.Zonex.com/blogs/wp-json/wp/v2/posts/6700.json]
[www.Zonex.com/blogs/wp-json/oembed/1.0/embed0c90.json]
[www.Zonex.com/blogs/wp-json/oembed/1.0/embed7a94]
[www.Zonex.com/blogs/wp-content/uploads/2023/01/crm-purpose-featured-600x403.jpg]
[www.Zonex.com/blogs/customer-relationship-management-softwares-in-2021/index.html]
[www.Zonex.com/blogs/tag/crm-software/index.html]
[www.Zonex.com/blogs/indexa681.html]
[www.Zonex.com/blogs/tag/crm-system/index.html]
[www.Zonex.com/blogs/wp-json/wp/v2/tags/473.json]
[www.Zonex.com/blogs/tag/link-building/index.html]
[www.Zonex.com/blogs/tag/software/index.html]
[www.Zonex.com/blogs/tag/wordpress/feed/index.html]
[www.Zonex.com/blogs/tag/link-building/feed/index.html]
[www.Zonex.com/blogs/tag/wordpress/index.html]
[www.Zonex.com/blogs/wp-json/wp/v2/tags/514.json]
[www.Zonex.com/blogs/wp-content/uploads/2023/01/EF-8.jpg]
[www.Zonex.com/blogs/wp-json/wp/v2/posts/7321.json]
[www.Zonex.com/blogs/how-to-expose-the-hidden-capabilities-of-an-employee/feed/index.html]
[www.Zonex.com/blogs/wp-json/oembed/1.0/embed33ff.json]
[www.Zonex.com/blogs/wp-json/oembed/1.0/embede0e2]
[www.Zonex.com/blogs/wp-content/uploads/2022/09/2-900x600.jpg]
[www.Zonex.com/blogs/how-to-expose-the-hidden-capabilities-of-an-employee/index.html]
[www.Zonex.com/blogs/wp-json/wp/v2/posts/7183.json]
[www.Zonex.com/blogs/tag/management-strategy/index.html]
[www.Zonex.com/blogs/tag/talent-management/index.html]
[www.Zonex.com/blogs/link-building-strategies-every-blogger-must-need-to-know/feed/index.html]
[www.Zonex.com/blogs/wp-json/oembed/1.0/embeda715.json]
[www.Zonex.com/blogs/tag/hidden-talents/index.html]
[www.Zonex.com/blogs/wp-json/oembed/1.0/embed21be]
[www.Zonex.com/blogs/wp-content/uploads/2022/08/Link-Building-Services-Every-Blogger-Must-Do.png]
[www.Zonex.com/blogs/wp-content/uploads/2023/01/Untitled-900x600.jpg]
[www.Zonex.com/blogs/tag/best-tips/index.html]
[www.Zonex.com/blogs/wp-content/uploads/2021/12/photo-1516321165247-4aa89a48be28-900x600.jpg]
[www.Zonex.com/blogs/link-building-strategies-every-blogger-must-need-to-know/index.html]
[www.Zonex.com/blogs/tag/blogging/index.html]
[www.Zonex.com/blogs/wp-json/wp/v2/categories/426.json]
[www.Zonex.com/blogs/category/blogs/feed/index.html]
[www.Zonex.com/blogs/wp-content/uploads/2021/12/photo-1516321165247-4aa89a48be28-1024x645.jpg]
[www.Zonex.com/blogs/category/blogs/index.html]
[www.Zonex.com/blogs/category/blogs/forum/index.html]
[www.Zonex.com/blogs/wp-json/wp/v2/categories/509.json]
[www.Zonex.com/blogs/category/organization/employee/index.html]
[www.Zonex.com/blogs/category/organization/employee/feed/index.html]
[www.Zonex.com/blogs/wp-json/wp/v2/categories/413.json]
[www.Zonex.com/blogs/category/organization/index.html]
[www.Zonex.com/blogs/category/organization/feed/index.html]
[www.Zonex.com/blogs/wp-content/uploads/2023/01/KR-12.jpg]
[www.Zonex.com/blogs/the-essential-guide-to-innovation-coaching/feed/index.html]
[www.Zonex.com/blogs/wp-json/oembed/1.0/embeda929.json]
[www.Zonex.com/blogs/wp-json/wp/v2/posts/7312.json]
[www.Zonex.com/blogs/wp-json/oembed/1.0/embed8c53]
[www.Zonex.com/blogs/wp-content/uploads/2023/01/pasted-image-0-1024x683.png]
[www.Zonex.com/blogs/wp-content/uploads/2023/01/pasted-image-0-1.png]
[www.Zonex.com/blogs/the-essential-guide-to-innovation-coaching/index.html]
[www.Zonex.com/blogs/wp-json/wp/v2/categories/508.json]
[www.Zonex.com/blogs/category/innovation-coaching/index.html]
[www.Zonex.com/blogs/tag/innovation-coaching/index.html]
[www.Zonex.com/blogs/wp-content/uploads/2022/11/Untitled.png]
[www.Zonex.com/blogs/category/innovation-coaching/feed/index.html]
[www.Zonex.com/blogs/wp-json/wp/v2/posts/7285.json]
[www.Zonex.com/blogs/why-is-recruitment-software-necessary-for-a-business/feed/index.html]
[www.Zonex.com/blogs/wp-json/oembed/1.0/embed059d.json]
[www.Zonex.com/blogs/wp-json/oembed/1.0/embed4222]
[www.Zonex.com/blogs/wp-content/uploads/2022/11/Why-Recruitment-Software-Is-Necessary-for-a-Business.png]
[www.Zonex.com/blogs/why-is-recruitment-software-necessary-for-a-business/index.html]
[www.Zonex.com/blogs/tag/recruitment-software/index.html]
[www.Zonex.com/blogs/tag/why/index.html]
[www.Zonex.com/blogs/wp-json/wp/v2/categories/500.json]
[www.Zonex.com/blogs/category/software/recruitment-software/index.html]
[www.Zonex.com/blogs/category/software/recruitment-software/feed/index.html]
[www.Zonex.com/blogs/wp-json/wp/v2/categories/431.json]
[www.Zonex.com/blogs/category/software/feed/index.html]
[www.Zonex.com/blogs/wp-content/uploads/2021/12/top-tools-in-automated-testing.png]
[www.Zonex.com/blogs/category/software/index.html]
[www.Zonex.com/blogs/how-automation-testing-can-benefit-businesses-in-the-future/index.html]
[www.Zonex.com/blogs/category/software/quality-assurance/index.html]
[www.Zonex.com/blogs/category/software/testing/index.html]
[www.Zonex.com/blogs/wp-json/wp/v2/posts/7236.json]
[www.Zonex.com/blogs/5-top-verification-services-that-will-boost-your-marketing-campaign/feed/index.html]
[www.Zonex.com/blogs/wp-content/cache/autoptimize/css/autoptimize_ccbf64c4eda68e4fa47e02b1f0e61a3b.css]
[www.Zonex.com/blogs/wp-json/oembed/1.0/embed3c25.json]
[www.Zonex.com/blogs/wp-json/oembed/1.0/embed897d]
[www.Zonex.com/blogs/wp-content/uploads/2022/09/Top-5-Verification-Services-That-Will-Improve-Your-Marketing-Campaign.png]
[www.Zonex.com/blogs/5-top-verification-services-that-will-boost-your-marketing-campaign/index.html]
[www.Zonex.com/blogs/tag/services/index.html]
[www.Zonex.com/blogs/tag/verification/index.html]
[www.Zonex.com/blogs/wp-json/wp/v2/categories/490.json]
[www.Zonex.com/blogs/category/digital-marketing/marketing-campaign/index.html]
[www.Zonex.com/blogs/category/digital-marketing/marketing-campaign/feed/index.html]
[www.Zonex.com/blogs/wp-json/wp/v2/categories/491.json]
[www.Zonex.com/blogs/category/verification-services/index.html]
[www.Zonex.com/blogs/category/verification-services/feed/index.html]
[www.Zonex.com/blogs/wp-content/uploads/2022/09/2.jpg]
[www.Zonex.com/blogs/wp-json/wp/v2/posts/7210.json]
[www.Zonex.com/blogs/remote-working-most-useful-tools-for-your-business/feed/index.html]
[www.Zonex.com/blogs/wp-json/oembed/1.0/embed7647.json]
[www.Zonex.com/blogs/wp-json/oembed/1.0/embeda2aa]
[www.Zonex.com/blogs/wp-content/uploads/2022/09/Trello_logo.svg_-1024x293.png]
[www.Zonex.com/blogs/wp-content/uploads/2022/09/2560px-Slack_Technologies_Logo.svg_-1-1024x261.png]
[www.Zonex.com/blogs/wp-content/uploads/2022/09/Zoom-Logo-Vector-.webp]
[www.Zonex.com/blogs/wp-content/uploads/2023/01/EF-8-900x600.jpg]
[www.Zonex.com/blogs/tag/remote-work/index.html]
[www.Zonex.com/blogs/remote-working-most-useful-tools-for-your-business/index.html]
[www.Zonex.com/blogs/tag/useful/index.html]
[www.Zonex.com/blogs/wp-json/wp/v2/categories/485.json]
[www.Zonex.com/blogs/category/organization/remote-work/feed/index.html]
[www.Zonex.com/blogs/wp-content/cache/autoptimize/js/autoptimize_82ef5d65553755b4713e30ee759e0da2.js]
[www.Zonex.com/blogs/category/organization/remote-work/index.html]
[www.Zonex.com/blogs/wp-json/wp/v2/categories/484.json]
[www.Zonex.com/blogs/category/organization/tools/index.html]
[www.Zonex.com/blogs/wp-content/cache/autoptimize/js/autoptimize_a2aff080401798f81d41bb6c50c1571e.js]
[www.Zonex.com/blogs/category/organization/tools/feed/index.html]
[www.Zonex.com/blogs/wp-content/uploads/2022/09/singh-CPl8P2OFf-U-unsplash.jpg]
[www.Zonex.com/blogs/how-3d-animation-and-digital-marketing-can-help-your-business/feed/index.html]
[www.Zonex.com/blogs/wp-json/wp/v2/posts/7206.json]
[www.Zonex.com/blogs/wp-json/oembed/1.0/embed9d1a.json]
[www.Zonex.com/blogs/wp-json/oembed/1.0/embed5ec2]
[www.Zonex.com/blogs/wp-content/uploads/2022/09/sumaid-pal-singh-bakshi-AjEe6BoAdlM-unsplash-1024x587.jpg]
[www.Zonex.com/blogs/how-3d-animation-and-digital-marketing-can-help-your-business/index.html]
[www.Zonex.com/blogs/wp-json/wp/v2/categories/479.json]
[www.Zonex.com/blogs/category/digital-marketing/3d-animation/index.html]
[www.Zonex.com/blogs/tag/3d-animation/index.html]
[www.Zonex.com/blogs/category/digital-marketing/3d-animation/feed/index.html]
[www.Zonex.com/blogs/wp-content/uploads/2022/09/pasted-image-0-1.png]
[www.Zonex.com/blogs/wp-json/wp/v2/posts/7196.json]
[www.Zonex.com/blogs/conducting-market-research-for-your-business-how-to-gather-and-interpret-data/feed/index.html]
[www.Zonex.com/blogs/wp-json/oembed/1.0/embed87e1.json]
[www.Zonex.com/blogs/wp-json/oembed/1.0/embed20dc]
[www.Zonex.com/blogs/wp-content/uploads/2022/09/pasted-image-0-2-1024x683.png]
[www.Zonex.com/blogs/wp-content/uploads/2022/09/pasted-image-0-3-1024x683.png]
[www.Zonex.com/blogs/conducting-market-research-for-your-business-how-to-gather-and-interpret-data/index.html]
[www.Zonex.com/blogs/category/digital-marketing/market-research/feed/index.html]
[www.Zonex.com/blogs/wp-json/wp/v2/categories/476.json]
[www.Zonex.com/blogs/category/digital-marketing/market-research/index.html]
[www.Zonex.com/blogs/page/1/index.html]
[www.Zonex.com/blogs/page/4/index.html]
[www.Zonex.com/blogs/page/6/index.html]
[www.Zonex.com/blogs/which-are-the-best-security-cameras-for-homes-and-businesses-in-2022/feed/index.html]
[www.Zonex.com/blogs/wp-json/wp/v2/posts/7108.json]
[www.Zonex.com/blogs/wp-json/oembed/1.0/embed5f88.json]
[www.Zonex.com/blogs/which-are-the-best-security-cameras-for-homes-and-businesses-in-2022/index.html]
[www.Zonex.com/blogs/wp-json/oembed/1.0/embedcddb]
[www.Zonex.com/blogs/wp-json/wp/v2/categories/456.json]
[www.Zonex.com/blogs/category/security/camera/index.html]
[www.Zonex.com/blogs/category/security/camera/feed/index.html]
[www.Zonex.com/blogs/tag/security-camera/index.html]
[www.Zonex.com/blogs/wp-json/wp/v2/categories/435.json]
[www.Zonex.com/blogs/category/security/index.html]
[www.Zonex.com/blogs/category/security/feed/index.html]
[www.Zonex.com/blogs/wp-content/uploads/2022/03/social-media-g410e52946_1920.png]
[www.Zonex.com/blogs/wp-json/wp/v2/posts/7093.json]
[www.Zonex.com/blogs/integrated-marketing-in-2022-trends-to-watch/feed/index.html]
[www.Zonex.com/blogs/wp-json/oembed/1.0/embed5135.json]
[www.Zonex.com/blogs/wp-json/oembed/1.0/embed620b]
[www.Zonex.com/blogs/wp-content/uploads/2022/03/student-gf2a794283_1920.jpg]
[www.Zonex.com/blogs/wp-content/uploads/2022/03/student-gf2a794283_1920-1024x683.jpg]
[www.Zonex.com/blogs/integrated-marketing-in-2022-trends-to-watch/index.html]
[www.Zonex.com/blogs/tag/b2b/index.html]
[www.Zonex.com/blogs/wp-content/uploads/2022/02/time-management-activities.jpg]
[www.Zonex.com/blogs/wp-json/wp/v2/posts/7072.json]
[www.Zonex.com/blogs/tag/trends/index.html]
[www.Zonex.com/blogs/8-best-time-management-tools-for-small-business/feed/index.html]
[www.Zonex.com/blogs/wp-json/oembed/1.0/embed4d91.json]
[www.Zonex.com/blogs/wp-json/oembed/1.0/embed73a5]
[www.Zonex.com/blogs/8-best-time-management-tools-for-small-business/index.html]
[www.Zonex.com/blogs/wp-json/wp/v2/categories/447.json]
[www.Zonex.com/blogs/category/software/time-management-tools/index.html]
[www.Zonex.com/blogs/tag/time-management/index.html]
[www.Zonex.com/blogs/tag/management/index.html]
[www.Zonex.com/blogs/category/software/time-management-tools/feed/index.html]
[www.Zonex.com/blogs/wp-content/uploads/2021/06/Graphic-designing-Services.jpg]
[www.Zonex.com/blogs/page/5/index.html]
[www.Zonex.com/blogs/wp-json/wp/v2/posts/5908.json]
[www.Zonex.com/blogs/page/7/index.html]
[www.Zonex.com/blogs/top-10-software-houses-in-pakistan/feed/index.html]
[www.Zonex.com/blogs/wp-json/oembed/1.0/embed4f3a.json]
[www.Zonex.com/blogs/wp-json/oembed/1.0/embedc444]
[www.Zonex.com/blogs/wp-content/uploads/2019/11/software-house-gdfgr.jpg]
[www.Zonex.com/blogs/top-10-software-houses-in-pakistan/index.html]
[www.Zonex.com/blogs/wp-json/wp/v2/categories/41.json]
[www.Zonex.com/blogs/tag/software-houses/index.html]
[www.Zonex.com/blogs/tag/top-10/index.html]
[www.Zonex.com/blogs/wp-content/uploads/2020/10/austin-distel-Imc-IoZDMXc-unsplash-2-1.jpg]
[www.Zonex.com/blogs/android-and-ios-apps-develepment-in-pakistan/index.html]
[www.Zonex.com/blogs/category/it/feed/index.html]
[www.Zonex.com/blogs/wp-content/uploads/2020/08/gmail-ss.png]
[www.Zonex.com/blogs/it-solution-provider/index.html]
[www.Zonex.com/blogs/how-to-reset-gmail-password-on-android-devices/index.html]
[www.Zonex.com/blogs/wp-content/uploads/2020/01/new-sotee.png]
[www.Zonex.com/blogs/wp-content/uploads/2019/12/xcvszdfdsxvbdfh.jpg]
[www.Zonex.com/blogs/category/it/index.html]
[www.Zonex.com/blogs/best-software-houses-in-islamabad/index.html]
[www.Zonex.com/blogs/benefits-of-the-top-software-company-in-pakistan/index.html]
[www.Zonex.com/blogs/wp-json/wp/v2/categories/39.json]
[www.Zonex.com/blogs/category/pakistan/feed/index.html]
[www.Zonex.com/blogs/wp-content/uploads/2019/12/zxcdvfgfdsfdsf.jpg]
[www.Zonex.com/blogs/category/pakistan/index.html]
[www.Zonex.com/blogs/wp-json/wp/v2/categories/35.json]
[www.Zonex.com/blogs/pakistan-software-house-jobs/index.html]
[www.Zonex.com/blogs/category/software-house/page/2/index.html]
[www.Zonex.com/blogs/wp-content/uploads/2020/12/pexels-cottonbro-5483064.jpg]
[www.Zonex.com/blogs/category/software-house/feed/index.html]
[www.Zonex.com/blogs/wp-content/uploads/2020/12/home-office-569153_640.jpg]
[www.Zonex.com/blogs/wp-content/uploads/2020/12/source-4280758_640.jpg]
[www.Zonex.com/blogs/wp-content/uploads/2020/11/luke-peters-B6JINerWMz0-unsplash.jpg]
[www.Zonex.com/blogs/wp-content/uploads/2020/10/website-3374825_1280-1.jpg]
[www.Zonex.com/blogs/category/software-house/index.html]
[www.Zonex.com/blogs/7-business-tips-for-software-developers/index.html]
[www.Zonex.com/blogs/it-service-provider-advantages-and-disadvantages/index.html]
[www.Zonex.com/blogs/benefits-of-creating-quality-software/index.html]
[www.Zonex.com/blogs/wp-json/wp/v2/categories/38.json]
[www.Zonex.com/blogs/category/software-house/top-10/index.html]
[www.Zonex.com/blogs/know-what-free-software-is-and-its-basic-characteristics/index.html]
[www.Zonex.com/blogs/list-of-web-development-services-in-software-house/index.html]
[www.Zonex.com/blogs/wp-content/uploads/2019/10/we-care-1024x470.jpg]
[www.Zonex.com/blogs/category/software-house/top-10/feed/index.html]
[www.Zonex.com/blogs/choosing-best-web-development-services-in-wah-cantt/feed/index.html]
[www.Zonex.com/blogs/wp-json/wp/v2/posts/5874.json]
[www.Zonex.com/blogs/wp-json/oembed/1.0/embed2f55.json]
[www.Zonex.com/blogs/wp-json/oembed/1.0/embedb8bc]
[www.Zonex.com/blogs/choosing-best-web-development-services-in-wah-cantt/index.html]
[www.Zonex.com/blogs/wp-content/uploads/2019/11/Seo-statisitics-1.jpg]
[www.Zonex.com/blogs/wp-content/uploads/2019/11/sadasdasd-2.jpg]
[www.Zonex.com/blogs/page/11/index.html]
[www.Zonex.com/blogs/seo-statistics-and-trends-in-pakistan-for-2020/index.html]
[www.Zonex.com/blogs/wp-content/uploads/2020/09/yura-fresh-n31x0hhnzOs-unsplash-1.jpg]
[www.Zonex.com/blogs/wp-content/uploads/2020/08/social-media-5187243_1920.jpg]
[www.Zonex.com/blogs/page/9/index.html]
[www.Zonex.com/blogs/wp-content/uploads/2020/07/man-in-black-suit-jacket-using-macbook-3778958-1-1.jpg]
[www.Zonex.com/blogs/wp-content/uploads/2020/07/digital-marketing-eddd-1.jpg]
[www.Zonex.com/blogs/digital-marketing-vs-internet-marketing-elexoft-technologies/index.html]
[www.Zonex.com/blogs/8-main-digital-marketing-trends-in-2020/index.html]
[www.Zonex.com/blogs/wp-content/uploads/2020/07/dddseeedsfsdfewrds.jpg]
[www.Zonex.com/blogs/how-to-evaluate-the-digital-marketing-of-the-company/index.html]
[www.Zonex.com/blogs/wp-content/uploads/2020/07/interface-3614766_1280-1024x683.png]
[www.Zonex.com/blogs/digital-marketing-our-complete-guide-2020/index.html]
[www.Zonex.com/blogs/wp-content/uploads/2020/06/safdsfeewrdfewrdf.png]
[www.Zonex.com/blogs/top-5-seo-plugins-for-wordpress-software-house-in-lahore/index.html]
[www.Zonex.com/blogs/wp-content/uploads/2020/06/saddddddwedewdsww.png]
[www.Zonex.com/blogs/page/10/index.html]
[www.Zonex.com/blogs/google-search-console-a-simple-guide-software-house-in-lahore/index.html]
[www.Zonex.com/project/1145/.html]
[www.Zonex.com/project/1149/.html]
[www.Zonex.com/project/1147/.html]
[www.Zonex.com/project/1136/.html]
[www.Zonex.com/project/1141/.html]
[www.Zonex.com/project/1146/.html]
[www.Zonex.com/project/1137/.html]
[www.Zonex.com/project/1133/.html]
[www.Zonex.com/project/1138/.html]
[www.Zonex.com/project/1132/.html]
[www.Zonex.com/project/1131/.html]
[www.Zonex.com/project/1124/.html]
[www.Zonex.com/project/1128/.html]
[www.Zonex.com/project/1120/.html]
[www.Zonex.com/project/1112/.html]
[www.Zonex.com/project/1127/.html]
[www.Zonex.com/project/1119/.html]
[www.Zonex.com/project/1121/.html]
[www.Zonex.com/project/1126/.html]
[www.Zonex.com/project/1125/.html]
[www.Zonex.com/project/1111/.html]
[www.Zonex.com/project/1118/.html]
[www.Zonex.com/project/1117/.html]
[www.Zonex.com/project/1116/.html]
[www.Zonex.com/project/1114/.html]
[www.Zonex.com/blogs/react-native-mobile-apps-development-software-house-in-lahore/index.html]
[www.Zonex.com/blogs/page/8/index.html]
[www.Zonex.com/blogs/wp-content/uploads/2021/09/Future-Of-Mobile-Apps.png]
[www.Zonex.com/blogs/wp-json/wp/v2/posts/6730.json]
[www.Zonex.com/blogs/the-future-of-mobile-apps-in-2021-and-beyond/feed/index.html]
[www.Zonex.com/blogs/wp-json/oembed/1.0/embed56d3.json]
[www.Zonex.com/blogs/wp-json/oembed/1.0/embed5421]
[www.Zonex.com/blogs/wp-content/uploads/2021/09/The-Future-Of-Mobile-Apps-In-The-Next-Decade.png]
[www.Zonex.com/blogs/wp-content/uploads/2021/08/enterprise-software-development_cover-scaled-1-600x403.jpg]
[www.Zonex.com/blogs/the-future-of-mobile-apps-in-2021-and-beyond/index.html]
[www.Zonex.com/blogs/index9ea1.html]
[www.Zonex.com/blogs/tag/2021/index.html]
[www.Zonex.com/blogs/tag/trends-in-2021/index.html]
[www.Zonex.com/blogs/wp-json/wp/v2/tags/63.json]
[www.Zonex.com/blogs/tag/content/index.html]
[www.Zonex.com/blogs/index76cc.html]
[www.Zonex.com/blogs/wp-json/wp/v2/posts/6275.json]
[www.Zonex.com/blogs/artificial-intelligence-in-my-software/feed/index.html]
[www.Zonex.com/blogs/tag/content/feed/index.html]
[www.Zonex.com/blogs/wp-json/oembed/1.0/embed8963.json]
[www.Zonex.com/blogs/wp-json/oembed/1.0/embeda300]
[www.Zonex.com/blogs/wp-content/uploads/2020/04/Freelancingb-rer.jpg]
[www.Zonex.com/blogs/wp-content/uploads/2021/05/softwaredevelopment-600x403.png]
[www.Zonex.com/blogs/wp-content/uploads/2020/12/pexels-cottonbro-5483064-600x403.jpg]
[www.Zonex.com/blogs/wp-content/uploads/2020/12/home-office-569153_640-600x403.jpg]
[www.Zonex.com/blogs/artificial-intelligence-in-my-software/index.html]
[www.Zonex.com/blogs/tag/software-house-websites/index.html]
[www.Zonex.com/blogs/wp-json/wp/v2/tags/464.json]
[www.Zonex.com/blogs/tag/artificial-intelligence-vs-humans/index.html]
[www.Zonex.com/blogs/tag/artificial-intelligence-vs-humans/feed/index.html]
[www.Zonex.com/blogs/wp-json/wp/v2/tags/462.json]
[www.Zonex.com/blogs/tag/artificial-intelligence-vs-robots/index.html]
[www.Zonex.com/blogs/tag/artificial-intelligence-vs-robots/feed/index.html]
[www.Zonex.com/blogs/wp-json/wp/v2/tags/463.json]
[www.Zonex.com/blogs/tag/robotics/index.html]
[www.Zonex.com/blogs/tag/robotics/feed/index.html]
[www.Zonex.com/blogs/wp-json/wp/v2/posts/6642.json]
[www.Zonex.com/blogs/the-future-of-mobile-application-development/feed/index.html]
[www.Zonex.com/blogs/wp-json/oembed/1.0/embedac25.json]
[www.Zonex.com/blogs/wp-json/oembed/1.0/embedc7e3]
[www.Zonex.com/blogs/wp-content/uploads/2021/06/IoT-future-Mobile-App-Development-SignitySolutions-1024x536-1.jpg]
[www.Zonex.com/blogs/the-future-of-mobile-application-development/index.html]
[www.Zonex.com/blogs/wp-json/wp/v2/posts/6198.json]
[www.Zonex.com/blogs/top-10-best-programming-languages-to-learn-in-2020/feed/index.html]
[www.Zonex.com/blogs/wp-json/oembed/1.0/embedecea.json]
[www.Zonex.com/blogs/wp-json/oembed/1.0/embed3200]
[www.Zonex.com/blogs/wp-content/uploads/2019/12/qwwsdfghjhgfd.jpg]
[www.Zonex.com/blogs/wp-content/uploads/2020/10/newpythonlogo-1.png]
[www.Zonex.com/blogs/wp-content/uploads/2020/10/JavaScript-eeeee.jpg]
[www.Zonex.com/blogs/wp-content/uploads/2020/10/Java-eeee-1024x683.jpg]
[www.Zonex.com/blogs/wp-content/uploads/2020/10/C-swss.jpg]
[www.Zonex.com/blogs/wp-content/uploads/2020/10/C-Programming-ffff.jpg]
[www.Zonex.com/blogs/wp-content/uploads/2020/10/C-wwdsdww-1.png]
[www.Zonex.com/blogs/wp-content/uploads/2020/10/PHP-efwee.jpg]
[www.Zonex.com/blogs/wp-content/uploads/2020/10/Swift-ssdsdwsd.jpg]
[www.Zonex.com/blogs/wp-content/uploads/2020/10/Go-dfdfdf.png]
[www.Zonex.com/blogs/wp-content/uploads/2020/10/Ruby-eesfsd.jpg]
[www.Zonex.com/blogs/top-10-best-programming-languages-to-learn-in-2020/index.html]
[www.Zonex.com/blogs/index49d1.html]
[www.Zonex.com/blogs/tag/top-10-best-programming-languages-to-learn-in-2020/index.html]
[www.Zonex.com/blogs/tag/the-10-most-popular-programming-languages/index.html]
[www.Zonex.com/blogs/tag/humans/feed/index.html]
[www.Zonex.com/blogs/wp-json/wp/v2/tags/444.json]
[www.Zonex.com/blogs/tag/humans/index.html]
[www.Zonex.com/blogs/tag/top-10-in-demand-programming-languages/index.html]
[www.Zonex.com/blogs/wp-json/wp/v2/tags/445.json]
[www.Zonex.com/blogs/tag/machines/index.html]
[www.Zonex.com/blogs/author/james/page/1/index.html]
[www.Zonex.com/blogs/author/james/page/4/index.html]
[www.Zonex.com/blogs/author/james/page/5/index.html]
[www.Zonex.com/blogs/tag/machines/feed/index.html]
[www.Zonex.com/blogs/author/james/page/6/index.html]
[www.Zonex.com/blogs/wp-content/uploads/2021/05/Steps-Custom-Software-Development-SignitySolutions-1024x512.png]
[www.Zonex.com/blogs/author/james/page/9/index.html]
[www.Zonex.com/blogs/author/james/page/7/index.html]
[www.Zonex.com/blogs/business-related-guide-to-custom-software-development/index.html]
[www.Zonex.com/blogs/wp-content/uploads/2021/04/Screen-Shot-2019-02-28-at-41555-PM.jpg]
[www.Zonex.com/blogs/wp-json/wp/v2/posts/6511.json]
[www.Zonex.com/blogs/new-and-the-latest-trend-of-seo-services-2021/feed/index.html]
[www.Zonex.com/blogs/wp-json/oembed/1.0/embedacac.json]
[www.Zonex.com/blogs/wp-json/oembed/1.0/embed7e8e]
[www.Zonex.com/blogs/wp-content/uploads/2022/07/TopFive-Ways-to-Improve-your-Site-600x403.png]
[www.Zonex.com/blogs/wp-content/uploads/2022/01/myriam-jessier-VHXiGXxwOQ4-unsplash-600x403.jpg]
[www.Zonex.com/blogs/new-and-the-latest-trend-of-seo-services-2021/index.html]
[www.Zonex.com/blogs/tag/digital-marketing-services/index.html]
[www.Zonex.com/blogs/wp-json/wp/v2/posts/6504.json]
[www.Zonex.com/blogs/tag/search-engine-optimization/index.html]
[www.Zonex.com/blogs/wp-json/oembed/1.0/embeda954.json]
[www.Zonex.com/blogs/tag/seo-services-in-london/index.html]
[www.Zonex.com/blogs/tag/seo-services-in-pakistan/index.html]
[www.Zonex.com/blogs/wp-json/oembed/1.0/embed2d3c]
[www.Zonex.com/blogs/ultimate-and-the-best-guide-to-web-development/index.html]
[www.Zonex.com/blogs/ultimate-and-the-best-guide-to-web-development/feed/index.html]
[www.Zonex.com/blogs/wp-json/wp/v2/posts/6493.json]
[www.Zonex.com/blogs/tag/android-software-development/index.html]
[www.Zonex.com/blogs/tag/digital-marketing-company/index.html]
[www.Zonex.com/blogs/tag/software-companies-websites/index.html]
[www.Zonex.com/blogs/wp-json/oembed/1.0/embeda0d7.json]
[www.Zonex.com/blogs/seo-agency-company-elexoft/feed/index.html]
[www.Zonex.com/blogs/seo-agency-company-elexoft/index.html]
[www.Zonex.com/blogs/wp-json/oembed/1.0/embed379a]
[www.Zonex.com/blogs/wp-content/uploads/2021/04/Microsoft-2.jpg]
[www.Zonex.com/blogs/wp-json/wp/v2/posts/6480.json]
[www.Zonex.com/blogs/it-software-company/feed/index.html]
[www.Zonex.com/blogs/wp-json/oembed/1.0/embed98de.json]
[www.Zonex.com/blogs/wp-json/oembed/1.0/embed9980]
[www.Zonex.com/blogs/wp-content/uploads/2021/04/1x-1.jpg]
[www.Zonex.com/blogs/wp-content/uploads/2021/04/95799630.jpg]
[www.Zonex.com/blogs/wp-content/uploads/2021/04/salesforce-customer360.jpg]
[www.Zonex.com/blogs/wp-content/uploads/2021/04/ibm-1024x576.jpg]
[www.Zonex.com/blogs/wp-content/uploads/2021/04/DIOS_gchpe02_0571.jpg]
[www.Zonex.com/blogs/wp-content/uploads/2021/04/1200px-Fiserv_logo.svg_-1024x515.png]
[www.Zonex.com/blogs/wp-content/uploads/2021/04/intu-Victoria-Centre_shopping-centre_ST-696x464-1.jpg]
[www.Zonex.com/blogs/wp-content/uploads/2021/09/Future-Of-Mobile-Apps-600x403.png]
[www.Zonex.com/blogs/it-software-company/index.html]
[www.Zonex.com/blogs/tag/hp/index.html]
[www.Zonex.com/blogs/tag/ibm/index.html]
[www.Zonex.com/blogs/wp-json/wp/v2/posts/6468.json]
[www.Zonex.com/blogs/tag/microsoft/index.html]
[www.Zonex.com/blogs/software-companies-websites/feed/index.html]
[www.Zonex.com/blogs/wp-json/oembed/1.0/embed3a1e.json]
[www.Zonex.com/blogs/wp-json/oembed/1.0/embed5417]
[www.Zonex.com/blogs/software-companies-websites/index.html]
[www.Zonex.com/blogs/wp-json/wp/v2/posts/6465.json]
[www.Zonex.com/blogs/search-engine-optimization/feed/index.html]
[www.Zonex.com/blogs/wp-json/oembed/1.0/embed82af.json]
[www.Zonex.com/blogs/wp-json/oembed/1.0/embede287]
[www.Zonex.com/blogs/wp-content/uploads/2021/04/Screen-Shot-2019-02-28-at-4.15.55-PM.png]
[www.Zonex.com/blogs/search-engine-optimization/index.html]
[www.Zonex.com/blogs/wp-json/wp/v2/posts/6457.json]
[www.Zonex.com/blogs/graphic-designing/feed/index.html]
[www.Zonex.com/blogs/wp-json/oembed/1.0/embeda53b.json]
[www.Zonex.com/blogs/graphic-designing/index.html]
[www.Zonex.com/blogs/wp-json/oembed/1.0/embed9bc8]
[www.Zonex.com/blogs/wp-json/wp/v2/categories/382.json]
[www.Zonex.com/blogs/category/graphic-design/index.html]
[www.Zonex.com/blogs/tag/best-web-development-services/index.html]
[www.Zonex.com/blogs/tag/graphic-design/index.html]
[www.Zonex.com/blogs/category/graphic-design/feed/index.html]
[www.Zonex.com/blogs/wp-json/wp/v2/posts/6424.json]
[www.Zonex.com/blogs/know-the-10-main-elements-of-branding/feed/index.html]
[www.Zonex.com/blogs/wp-json/oembed/1.0/embedd67a.json]
[www.Zonex.com/blogs/wp-json/oembed/1.0/embed4056]
[www.Zonex.com/blogs/wp-content/uploads/2021/02/pexels-george-morina-4960420.jpg]
[www.Zonex.com/blogs/know-the-10-main-elements-of-branding/index.html]
[www.Zonex.com/blogs/wp-content/uploads/2021/05/software-development.jpg]
[www.Zonex.com/blogs/author/james/page/8/index.html]
[www.Zonex.com/blogs/wp-content/cache/autoptimize/css/autoptimize_44d14990981ed33c5cc5ef09f0cc1890.css]
[www.Zonex.com/blogs/tag/branding/index.html]
[www.Zonex.com/blogs/tag/branding-agency/index.html]
[www.Zonex.com/blogs/tag/branding-design/index.html]
[www.Zonex.com/blogs/indexe1cb.html]
[www.Zonex.com/blogs/tag/branding-icon/index.html]
[www.Zonex.com/blogs/tag/branding-mockup/index.html]
[www.Zonex.com/blogs/tag/corporate-branding/index.html]
[www.Zonex.com/blogs/tag/elements-of-branding/index.html]
[www.Zonex.com/blogs/ultimate-guide-to-software-development-company/index.html]
[www.Zonex.com/blogs/top-4-changes-in-the-marketing-and-sales-market-in-2021/feed/index.html]
[www.Zonex.com/blogs/wp-json/wp/v2/posts/6376.json]
[www.Zonex.com/blogs/wp-json/oembed/1.0/embed901c.json]
[www.Zonex.com/blogs/wp-json/oembed/1.0/embed9ae2]
[www.Zonex.com/blogs/wp-content/uploads/2019/12/zxvzxczxc.jpg]
[www.Zonex.com/blogs/top-4-changes-in-the-marketing-and-sales-market-in-2021/index.html]
[www.Zonex.com/blogs/seo-copywriting-boost-your-blog-traffic/index.html]
[www.Zonex.com/blogs/wp-json/wp/v2/posts/6154.json]
[www.Zonex.com/blogs/tag/facebook-marketing/index.html]
[www.Zonex.com/blogs/tag/internet-marketing/index.html]
[www.Zonex.com/blogs/wp-json/oembed/1.0/embed0a58.json]
[www.Zonex.com/blogs/tag/marketing-definition/index.html]
[www.Zonex.com/blogs/wp-json/oembed/1.0/embed90c8]
[www.Zonex.com/blogs/tag/marketing-logo/index.html]
[www.Zonex.com/blogs/wp-content/uploads/2020/07/interface-3614766_1280.png]
[www.Zonex.com/blogs/new-digital-marketing-methods-trends-for-2020-2021/index.html]
[www.Zonex.com/blogs/tag/marketing-plan/index.html]
[www.Zonex.com/blogs/tag/marketing-strategies/index.html]
[www.Zonex.com/blogs/new-digital-marketing-methods-trends-for-2020-2021/feed/index.html]
[www.Zonex.com/blogs/wp-json/wp/v2/posts/6030.json]
[www.Zonex.com/blogs/what-are-cpc-cpm-and-cpa/index.html]
[www.Zonex.com/blogs/tag/2020/index.html]
[www.Zonex.com/blogs/wp-json/oembed/1.0/embed299a.json]
[www.Zonex.com/blogs/creating-useful-content-for-articles/feed/index.html]
[www.Zonex.com/blogs/wp-json/oembed/1.0/embed39d4]
[www.Zonex.com/blogs/wp-content/uploads/2020/01/dasdqwdfcv-cxz-sd-f-wv-dsdvd.png]
[www.Zonex.com/blogs/creating-useful-content-for-articles/index.html]
[www.Zonex.com/blogs/index32da.html]
[www.Zonex.com/blogs/tag/unique-content/index.html]
[www.Zonex.com/blogs/wp-json/wp/v2/tags/272.json]
[www.Zonex.com/blogs/tag/seo-services/page/2/index.html]
[www.Zonex.com/blogs/wp-content/uploads/2021/01/pexels-tobias-dziuba-907607.jpg]
[www.Zonex.com/blogs/tag/seo-services/index.html]
[www.Zonex.com/blogs/how-to-choose-an-seo-contractor/index.html]
[www.Zonex.com/blogs/tag/seo-services/feed/index.html]
[www.Zonex.com/blogs/wp-json/wp/v2/tags/238.json]
[www.Zonex.com/blogs/tag/social-media-marketing/feed/index.html]
[www.Zonex.com/blogs/wp-content/uploads/2020/12/email-4044165_640.jpg]
[www.Zonex.com/blogs/tag/social-media-marketing/index.html]
[www.Zonex.com/blogs/wp-json/wp/v2/tags/61.json]
[www.Zonex.com/blogs/tag/software-company/index.html]
[www.Zonex.com/blogs/category/digital-marketing/page/1/index.html]
[www.Zonex.com/blogs/marketing-and-sales-how-to-integrate-them-to-generate-more-profits/index.html]
[www.Zonex.com/blogs/tag/software-company/feed/index.html]
[www.Zonex.com/blogs/wp-content/uploads/2021/01/coins-1015125_640.jpg]
[www.Zonex.com/blogs/category/digital-marketing/page/4/index.html]
[www.Zonex.com/blogs/indexf536.html]
[www.Zonex.com/blogs/tag/complete-guide/feed/index.html]
[www.Zonex.com/blogs/wp-json/wp/v2/tags/121.json]
[www.Zonex.com/blogs/tag/complete-guide/index.html]
[www.Zonex.com/blogs/wp-json/wp/v2/tags/504.json]
[www.Zonex.com/blogs/tag/domain-authority/index.html]
[www.Zonex.com/blogs/tag/domain-authority/feed/index.html]
[www.Zonex.com/blogs/wp-json/wp/v2/tags/505.json]
[www.Zonex.com/blogs/tag/website-rankings/index.html]
[www.Zonex.com/blogs/indexe525.html]
[www.Zonex.com/blogs/tag/website-rankings/feed/index.html]
[www.Zonex.com/blogs/wp-json/wp/v2/tags/56.json]
[www.Zonex.com/blogs/tag/benefits/index.html]
[www.Zonex.com/blogs/tag/benefits/feed/index.html]
[www.Zonex.com/blogs/wp-json/wp/v2/tags/482.json]
[www.Zonex.com/blogs/tag/how/index.html]
[www.Zonex.com/blogs/tag/how/feed/index.html]
[www.Zonex.com/blogs/wp-json/wp/v2/tags/498.json]
[www.Zonex.com/blogs/tag/visual-marketing/index.html]
[www.Zonex.com/blogs/index6220.html]
[www.Zonex.com/blogs/tag/visual-marketing/feed/index.html]
[www.Zonex.com/blogs/wp-json/wp/v2/tags/319.json]
[www.Zonex.com/blogs/tag/local-seo/index.html]
[www.Zonex.com/blogs/index9aba.html]
[www.Zonex.com/blogs/tag/local-seo/feed/index.html]
[www.Zonex.com/blogs/wp-content/uploads/2020/11/analytics-1925495_1280.png]
[www.Zonex.com/blogs/wp-json/wp/v2/posts/6270.json]
[www.Zonex.com/blogs/49-seo-tools/feed/index.html]
[www.Zonex.com/blogs/wp-json/oembed/1.0/embedd058.json]
[www.Zonex.com/blogs/wp-json/oembed/1.0/embede91a]
[www.Zonex.com/blogs/wp-content/uploads/2020/02/video-ads-on-YouTube-new-234.jpg]
[www.Zonex.com/blogs/49-seo-tools/index.html]
[www.Zonex.com/blogs/tag/backlink-checker/index.html]
[www.Zonex.com/blogs/tag/domain-authority-checker/index.html]
[www.Zonex.com/blogs/tag/seo-analysis/index.html]
[www.Zonex.com/blogs/wp-json/wp/v2/tags/495.json]
[www.Zonex.com/blogs/tag/onpage/index.html]
[www.Zonex.com/blogs/tag/seo-audit/index.html]
[www.Zonex.com/blogs/tag/onpage/feed/index.html]
[www.Zonex.com/blogs/tag/seo-tools/index.html]
[www.Zonex.com/blogs/tag/strategies/feed/index.html]
[www.Zonex.com/blogs/tag/strategies/index.html]
[www.Zonex.com/blogs/wp-json/wp/v2/tags/494.json]
[www.Zonex.com/blogs/wp-json/wp/v2/tags/493.json]
[www.Zonex.com/blogs/tag/top-tips/index.html]
[www.Zonex.com/blogs/tag/top-tips/feed/index.html]
[www.Zonex.com/blogs/wp-content/uploads/2022/01/1-31-2017-12-58-38-PM-10033623.jpg]
[www.Zonex.com/blogs/wp-json/wp/v2/posts/7036.json]
[www.Zonex.com/blogs/how-to-easily-create-quality-content/feed/index.html]
[www.Zonex.com/blogs/wp-json/oembed/1.0/embedfa01.json]
[www.Zonex.com/blogs/how-to-easily-create-quality-content/index.html]
[www.Zonex.com/blogs/wp-json/oembed/1.0/embed9442]
[www.Zonex.com/blogs/wp-content/uploads/2022/01/myriam-jessier-VHXiGXxwOQ4-unsplash-scaled.jpg]
[www.Zonex.com/blogs/wp-json/wp/v2/posts/7027.json]
[www.Zonex.com/blogs/tips-to-improve-rankings-a-complete-local-seo-checklist-for-2022/feed/index.html]
[www.Zonex.com/blogs/wp-json/oembed/1.0/embed57a0.json]
[www.Zonex.com/blogs/tips-to-improve-rankings-a-complete-local-seo-checklist-for-2022/index.html]
[www.Zonex.com/blogs/wp-json/oembed/1.0/embedfbad-2]
[www.Zonex.com/blogs/wp-json/wp/v2/posts/7011.json]
[www.Zonex.com/blogs/why-cyber-security-is-important-for-digital-marketers-in-2022/feed/index.html]
[www.Zonex.com/blogs/wp-json/oembed/1.0/embedb25a.json]
[www.Zonex.com/blogs/wp-json/oembed/1.0/embedb75d]
[www.Zonex.com/blogs/wp-content/uploads/2021/12/Cybersecurity-Article-201911251741.jpg]
[www.Zonex.com/blogs/why-cyber-security-is-important-for-digital-marketers-in-2022/index.html]
[www.Zonex.com/blogs/wp-json/wp/v2/categories/436.json]
[www.Zonex.com/blogs/category/security/cyber-security/index.html]
[www.Zonex.com/blogs/tag/cyber-security/index.html]
[www.Zonex.com/blogs/category/security/cyber-security/feed/index.html]
[www.Zonex.com/blogs/wp-json/wp/v2/posts/6751.json]
[www.Zonex.com/blogs/how-can-web-development-benefit-small-non-profit-organizations/feed/index.html]
[www.Zonex.com/blogs/wp-json/oembed/1.0/embeda5c0.json]
[www.Zonex.com/blogs/wp-json/oembed/1.0/embedf145]
[www.Zonex.com/blogs/wp-content/uploads/2021/09/nonprofit-directors-e1522640106965.jpg]
[www.Zonex.com/blogs/how-can-web-development-benefit-small-non-profit-organizations/index.html]
[www.Zonex.com/blogs/wp-json/wp/v2/categories/414.json]
[www.Zonex.com/blogs/category/organization/non-profit/index.html]
[www.Zonex.com/blogs/tag/non-profit/index.html]
[www.Zonex.com/blogs/tag/organization/index.html]
[www.Zonex.com/blogs/category/organization/non-profit/feed/index.html]
[www.Zonex.com/blogs/wp-json/wp/v2/posts/6637.json]
[www.Zonex.com/blogs/digital-marketing-for-software-companies-in-2021/feed/index.html]
[www.Zonex.com/blogs/wp-json/oembed/1.0/embed340d.json]
[www.Zonex.com/blogs/wp-json/oembed/1.0/embed7801]
[www.Zonex.com/blogs/wp-content/uploads/2021/06/Digital-Marketing-Trends.jpg]
[www.Zonex.com/blogs/digital-marketing-for-software-companies-in-2021/index.html]
[www.Zonex.com/blogs/wp-content/uploads/2020/12/twitter-1566735_640.png]
[www.Zonex.com/blogs/wp-content/uploads/2020/12/seo-strategy-new.png]
[www.Zonex.com/blogs/how-to-get-followers-on-twitter/index.html]
[www.Zonex.com/blogs/wp-content/uploads/2020/11/global-2082635_640.jpg]
[www.Zonex.com/blogs/search-intent-meet-user-needs/index.html]
[www.Zonex.com/blogs/wp-content/uploads/2020/10/Best-SEO-tools-ggs.jpg]
[www.Zonex.com/blogs/category/digital-marketing/page/5/index.html]
[www.Zonex.com/blogs/15-effective-strategies-to-sell-software/index.html]
[www.Zonex.com/blogs/14-best-seo-tools-all-seo-experts-use-in-2020/index.html]
[www.Zonex.com/blogs/wp-json/wp/v2/posts/6080.json]
[www.Zonex.com/blogs/position-yourself-in-the-market-of-competitors-software-house-in-lahore/feed/index.html]
[www.Zonex.com/blogs/wp-json/oembed/1.0/embedba30.json]
[www.Zonex.com/blogs/wp-json/oembed/1.0/embed9516]
[www.Zonex.com/blogs/wp-content/uploads/2020/06/Webp.net-resizeimage-7.jpg]
[www.Zonex.com/blogs/position-yourself-in-the-market-of-competitors-software-house-in-lahore/index.html]
[www.Zonex.com/blogs/wp-content/uploads/2020/05/How-to-find-your-target-audience.jpg]
[www.Zonex.com/blogs/tag/competitors/index.html]
[www.Zonex.com/blogs/tag/market/index.html]
[www.Zonex.com/blogs/tag/market-of-competitors/index.html]
[www.Zonex.com/blogs/tag/position-yourself/index.html]
[www.Zonex.com/blogs/wp-json/wp/v2/posts/6076.json]
[www.Zonex.com/blogs/tag/target-audience/index.html]
[www.Zonex.com/blogs/wp-json/oembed/1.0/embed6622.json]
[www.Zonex.com/blogs/how-to-find-your-target-audience/feed/index.html]
[www.Zonex.com/blogs/wp-json/oembed/1.0/embed4a11]
[www.Zonex.com/blogs/wp-content/uploads/2020/05/How-to-find-your-target-audience-ew.jpg]
[www.Zonex.com/blogs/how-to-find-your-target-audience/index.html]
[www.Zonex.com/blogs/tag/how-to-find-your-target-audience/index.html]
[www.Zonex.com/blogs/wp-json/wp/v2/posts/6065.json]
[www.Zonex.com/blogs/tag/target-audience-new/index.html]
[www.Zonex.com/blogs/branding-versus-performance-or-for-software-house-in-lahore/feed/index.html]
[www.Zonex.com/blogs/wp-json/oembed/1.0/embedcec5.json]
[www.Zonex.com/blogs/wp-json/oembed/1.0/embed149e]
[www.Zonex.com/blogs/wp-content/uploads/2020/05/business-3639565_1920-1.jpg]
[www.Zonex.com/blogs/branding-versus-performance-or-for-software-house-in-lahore/index.html]
[www.Zonex.com/blogs/wp-json/wp/v2/posts/6041.json]
[www.Zonex.com/blogs/tag/branding-versus-performance/index.html]
[www.Zonex.com/blogs/tag/promotion/index.html]
[www.Zonex.com/blogs/video-ads-on-youtube-software-house-in-lahore/feed/index.html]
[www.Zonex.com/blogs/wp-json/oembed/1.0/embedd943.json]
[www.Zonex.com/blogs/wp-json/oembed/1.0/embed35a5]
[www.Zonex.com/blogs/wp-content/uploads/2020/02/rsz_apple-devices-books-business-coffee-572056.jpg]
[www.Zonex.com/blogs/wp-content/uploads/2020/02/video-ads-on-YouTube-new-2-1024x406.jpg]
[www.Zonex.com/blogs/video-ads-on-youtube-software-house-in-lahore/index.html]
[www.Zonex.com/blogs/wp-json/wp/v2/posts/5962.json]
[www.Zonex.com/blogs/tag/channels/index.html]
[www.Zonex.com/blogs/tag/google-adwords/index.html]
[www.Zonex.com/blogs/tag/youtube-ads/index.html]
[www.Zonex.com/blogs/publish-on-social-networks-in-pakistan/feed/index.html]
[www.Zonex.com/blogs/wp-json/oembed/1.0/embed060a.json]
[www.Zonex.com/blogs/publish-on-social-networks-in-pakistan/index.html]
[www.Zonex.com/blogs/index5700.html]
[www.Zonex.com/blogs/wp-json/oembed/1.0/embedcb27]
[www.Zonex.com/blogs/wp-json/wp/v2/tags/460.json]
[www.Zonex.com/blogs/tag/magento/index.html]
[www.Zonex.com/blogs/tag/publish/index.html]
[www.Zonex.com/blogs/tag/networks/index.html]
[www.Zonex.com/blogs/tag/magento/feed/index.html]
[www.Zonex.com/blogs/wp-json/wp/v2/tags/461.json]
[www.Zonex.com/blogs/tag/shopify/index.html]
[www.Zonex.com/blogs/index1d95.html]
[www.Zonex.com/blogs/tag/shopify/feed/index.html]
[www.Zonex.com/blogs/wp-json/wp/v2/tags/25.json]
[www.Zonex.com/blogs/tag/web-development/index.html]
[www.Zonex.com/blogs/tag/web-development/page/2/index.html]
[www.Zonex.com/blogs/tag/web-development/feed/index.html]
[www.Zonex.com/blogs/wp-json/wp/v2/posts/6769.json]
[www.Zonex.com/blogs/how-to-build-a-video-marketing-campaign/feed/index.html]
[www.Zonex.com/blogs/wp-json/oembed/1.0/embedab4b.json]
[www.Zonex.com/blogs/how-to-build-a-video-marketing-campaign/index.html]
[www.Zonex.com/blogs/index2527.html]
[www.Zonex.com/blogs/wp-json/oembed/1.0/embed2ea6]
[www.Zonex.com/blogs/wp-json/wp/v2/tags/401.json]
[www.Zonex.com/blogs/tag/e-commerce-website-development/index.html]
[www.Zonex.com/blogs/tag/video-editing-software/index.html]
[www.Zonex.com/blogs/tag/e-commerce-website-development/feed/index.html]
[www.Zonex.com/blogs/wp-json/wp/v2/tags/282.json]
[www.Zonex.com/blogs/tag/website-development-company/index.html]
[www.Zonex.com/blogs/tag/website-development-company/feed/index.html]
[www.Zonex.com/blogs/wp-json/wp/v2/posts/6693.json]
[www.Zonex.com/blogs/web-development-services-in-the-usa-future-predictions/feed/index.html]
[www.Zonex.com/blogs/wp-json/oembed/1.0/embedd2e0.json]
[www.Zonex.com/blogs/wp-json/oembed/1.0/embed7f09]
[www.Zonex.com/blogs/wp-content/uploads/2021/07/Web-development-services.jpg]
[www.Zonex.com/blogs/web-development-services-in-the-usa-future-predictions/index.html]
[www.Zonex.com/blogs/wp-content/uploads/2021/06/Web-development-Services-in-dubai.png]
[www.Zonex.com/blogs/wp-json/wp/v2/posts/6679.json]
[www.Zonex.com/blogs/web-development-services-in-dubai/feed/index.html]
[www.Zonex.com/blogs/wp-json/oembed/1.0/embed78b0.json]
[www.Zonex.com/blogs/wp-json/oembed/1.0/embedabda]
[www.Zonex.com/blogs/wp-content/uploads/2021/06/Web-development-services-1.jpg]
[www.Zonex.com/blogs/web-development-services-in-dubai/index.html]
[www.Zonex.com/blogs/wp-content/uploads/2021/08/enterprise-software-development_cover-scaled-1.jpg]
[www.Zonex.com/blogs/the-rise-of-enterprise-software-development-in-2021/feed/index.html]
[www.Zonex.com/blogs/wp-json/wp/v2/posts/6719.json]
[www.Zonex.com/blogs/wp-json/oembed/1.0/embedd99b.json]
[www.Zonex.com/blogs/wp-json/oembed/1.0/embedfacb]
[www.Zonex.com/blogs/wp-content/uploads/2021/08/bussines_app_dev.png]
[www.Zonex.com/blogs/the-rise-of-enterprise-software-development-in-2021/index.html]
[www.Zonex.com/blogs/wp-json/wp/v2/categories/403.json]
[www.Zonex.com/blogs/category/enterprise-software-development/index.html]
[www.Zonex.com/blogs/tag/erp/index.html]
[www.Zonex.com/blogs/category/enterprise-software-development/feed/index.html]
[www.Zonex.com/blogs/wp-json/wp/v2/posts/6633.json]
[www.Zonex.com/blogs/customer-relationship-management-a-beginners-guide/feed/index.html]
[www.Zonex.com/blogs/wp-json/oembed/1.0/embedbef8.json]
[www.Zonex.com/blogs/wp-json/oembed/1.0/embedd17d]
[www.Zonex.com/blogs/wp-content/uploads/2021/06/Customer-Software-Development.jpg]
[www.Zonex.com/blogs/customer-relationship-management-a-beginners-guide/index.html]
[www.Zonex.com/blogs/wp-json/wp/v2/posts/6624.json]
[www.Zonex.com/blogs/custom-software-development-in-2021-need-of-the-time/feed/index.html]
[www.Zonex.com/blogs/wp-json/oembed/1.0/embed6671.json]
[www.Zonex.com/blogs/wp-json/oembed/1.0/embed6827]
[www.Zonex.com/blogs/wp-content/uploads/2021/06/Custom-Software-Development.png]
[www.Zonex.com/blogs/custom-software-development-in-2021-need-of-the-time/index.html]
[www.Zonex.com/blogs/category/software-company/page/2/index.html]
[www.Zonex.com/blogs/wp-content/uploads/2021/05/Top-8-2021-Trends-In-Enterprise-Software-1.jpg]
[www.Zonex.com/blogs/wp-json/wp/v2/posts/6611.json]
[www.Zonex.com/blogs/a-sneak-peak-of-enterprise-software-development-trends-in-2021/feed/index.html]
[www.Zonex.com/blogs/wp-json/oembed/1.0/embed1431.json]
[www.Zonex.com/blogs/wp-json/oembed/1.0/embedf2c5]
[www.Zonex.com/blogs/wp-content/uploads/2021/05/1_KG0eVILuenzs2pyHAmT_lA.jpg]
[www.Zonex.com/blogs/a-sneak-peak-of-enterprise-software-development-trends-in-2021/index.html]
[www.Zonex.com/blogs/wp-json/wp/v2/posts/6579.json]
[www.Zonex.com/blogs/wp-json/oembed/1.0/embed464d.json]
[www.Zonex.com/blogs/the-software-development-industry-in-pakistan/feed/index.html]
[www.Zonex.com/blogs/wp-json/oembed/1.0/embed2543]
[www.Zonex.com/blogs/wp-content/uploads/2021/05/1_8joxOy6-cwNeKGi9OD_Tkw.png]
[www.Zonex.com/blogs/the-software-development-industry-in-pakistan/index.html]
[www.Zonex.com/blogs/indexa724.html]
[www.Zonex.com/blogs/wp-json/wp/v2/posts/6664.json]
[www.Zonex.com/blogs/graphic-designing-services-in-dubai-2021/feed/index.html]
[www.Zonex.com/blogs/wp-json/oembed/1.0/embed2be5.json]
[www.Zonex.com/blogs/wp-json/oembed/1.0/embed86e4]
[www.Zonex.com/blogs/wp-content/uploads/2021/06/Graphic-Design-Company-in-Dubai.jpg]
[www.Zonex.com/blogs/graphic-designing-services-in-dubai-2021/index.html]
[www.Zonex.com/blogs/index2cec.html]
[www.Zonex.com/blogs/tag/best-graphic-design-company/index.html]
[www.Zonex.com/blogs/tag/elexoft/index.html]
[www.Zonex.com/blogs/wp-json/wp/v2/tags/31.json]
[www.Zonex.com/blogs/tag/development/index.html]
[www.Zonex.com/blogs/tag/graphic-designing-services/index.html]
[www.Zonex.com/blogs/tag/development/feed/index.html]
[www.Zonex.com/blogs/wp-json/wp/v2/tags/32.json]
[www.Zonex.com/blogs/tag/pakistan/index.html]
[www.Zonex.com/blogs/tag/pakistan/feed/index.html]
[www.Zonex.com/blogs/wp-json/wp/v2/tags/34.json]
[www.Zonex.com/blogs/tag/shopping/index.html]
[www.Zonex.com/blogs/tag/shopping/feed/index.html]
[www.Zonex.com/blogs/wp-json/wp/v2/posts/6261.json]
[www.Zonex.com/blogs/9-content-marketing-tips-for-2020/feed/index.html]
[www.Zonex.com/blogs/wp-json/oembed/1.0/embed3a60.json]
[www.Zonex.com/blogs/9-content-marketing-tips-for-2020/index.html]
[www.Zonex.com/blogs/wp-json/oembed/1.0/embedba45]
[www.Zonex.com/blogs/tag/content-marketing/index.html]
[www.Zonex.com/blogs/wp-json/wp/v2/posts/6070.json]
[www.Zonex.com/blogs/tag/content-marketing-services/index.html]
[www.Zonex.com/blogs/wp-json/oembed/1.0/embedb216.json]
[www.Zonex.com/blogs/tag/digital-content-marketing/index.html]
[www.Zonex.com/blogs/wp-json/oembed/1.0/embedebbe]
[www.Zonex.com/blogs/how-https-affects-site-security-software-house-in-lahore/feed/index.html]
[www.Zonex.com/blogs/tag/content-marketing-strategy/index.html]
[www.Zonex.com/blogs/wp-content/uploads/2020/05/dwqqqqqqqeasd.jpg]
[www.Zonex.com/blogs/how-https-affects-site-security-software-house-in-lahore/index.html]
[www.Zonex.com/blogs/tag/google-https/index.html]
[www.Zonex.com/blogs/wp-json/wp/v2/posts/6060.json]
[www.Zonex.com/blogs/tag/how-https-affects-site-security/index.html]
[www.Zonex.com/blogs/the-top-freelancing-websites-in-pakistan-software-house-in-lahore/feed/index.html]
[www.Zonex.com/blogs/wp-json/oembed/1.0/embed173c.json]
[www.Zonex.com/blogs/the-top-freelancing-websites-in-pakistan-software-house-in-lahore/index.html]
[www.Zonex.com/blogs/wp-json/oembed/1.0/embedb0f1]
[www.Zonex.com/blogs/tag/website-security/index.html]
[www.Zonex.com/blogs/tag/https/index.html]
[www.Zonex.com/blogs/tag/freelancing/index.html]
[www.Zonex.com/blogs/tag/top-freelancing/index.html]
[www.Zonex.com/blogs/wp-content/uploads/2021/01/notepad-3299127_640.jpg]
[www.Zonex.com/blogs/tag/websites/index.html]
[www.Zonex.com/blogs/wp-content/uploads/2020/12/seo-1991425_640.jpg]
[www.Zonex.com/blogs/author/saad/page/2/index.html]
[www.Zonex.com/blogs/guide-to-seo-services-first-pages-of-google/index.html]
[www.Zonex.com/blogs/wp-json/wp/v2/posts/6449.json]
[www.Zonex.com/blogs/author/saad/page/4/index.html]
[www.Zonex.com/blogs/wp-json/oembed/1.0/embed6956.json]
[www.Zonex.com/blogs/business-digital-transformation/feed/index.html]
[www.Zonex.com/blogs/business-digital-transformation/index.html]
[www.Zonex.com/blogs/wp-json/oembed/1.0/embed1be5]
[www.Zonex.com/blogs/wp-json/wp/v2/posts/6443.json]
[www.Zonex.com/blogs/tag/business-digital-transformation/index.html]
[www.Zonex.com/blogs/tag/digital-company/index.html]
[www.Zonex.com/blogs/tag/digital-transformation/index.html]
[www.Zonex.com/blogs/wp-json/oembed/1.0/embed8528.json]
[www.Zonex.com/blogs/tag/digital-transformation-hd/index.html]
[www.Zonex.com/blogs/wp-json/oembed/1.0/embed9029]
[www.Zonex.com/blogs/tag/digital-transformation-processes/index.html]
[www.Zonex.com/blogs/tag/digital-transformation-strategy/index.html]
[www.Zonex.com/blogs/wp-content/uploads/2020/10/Web-App-Native-app.jpg]
[www.Zonex.com/blogs/wp-content/uploads/2021/06/mobile-app-future-600x324.png]
[www.Zonex.com/blogs/5-application-development-trends-in-2021/index.html]
[www.Zonex.com/blogs/tag/what-is-digital-transformation/index.html]
[www.Zonex.com/blogs/5-application-development-trends-in-2021/feed/index.html]
[www.Zonex.com/blogs/tag/android-app-development/index.html]
[www.Zonex.com/blogs/wp-json/wp/v2/posts/6439.json]
[www.Zonex.com/blogs/tag/android-app-development-course/index.html]
[www.Zonex.com/blogs/wp-json/oembed/1.0/embed7392.json]
[www.Zonex.com/blogs/tag/app-development/index.html]
[www.Zonex.com/blogs/tag/app-development-software/index.html]
[www.Zonex.com/blogs/wp-json/oembed/1.0/embed4b69]
[www.Zonex.com/blogs/5-types-of-interactive-content-and-the-benefits/index.html]
[www.Zonex.com/blogs/tag/application-development-trends/index.html]
[www.Zonex.com/blogs/5-types-of-interactive-content-and-the-benefits/feed/index.html]
[www.Zonex.com/blogs/wp-json/wp/v2/posts/6436.json]
[www.Zonex.com/blogs/tag/content-management-system/index.html]
[www.Zonex.com/blogs/wp-json/oembed/1.0/embedb496.json]
[www.Zonex.com/blogs/tag/content-marketing-agency/index.html]
[www.Zonex.com/blogs/tag/digital-branding/index.html]
[www.Zonex.com/blogs/wp-json/oembed/1.0/embed7f10]
[www.Zonex.com/blogs/6-main-brand-positioning-mistakes/index.html]
[www.Zonex.com/blogs/tag/digital-marketing-strategy/index.html]
[www.Zonex.com/blogs/6-main-brand-positioning-mistakes/feed/index.html]
[www.Zonex.com/blogs/wp-json/wp/v2/posts/6431.json]
[www.Zonex.com/blogs/tag/digital-presence/index.html]
[www.Zonex.com/blogs/tag/digital-branding-agency/index.html]
[www.Zonex.com/blogs/wp-json/oembed/1.0/embed41dc.json]
[www.Zonex.com/blogs/seo-writing-check-out-14-tips/feed/index.html]
[www.Zonex.com/blogs/wp-json/oembed/1.0/embed36fb]
[www.Zonex.com/blogs/seo-writing-check-out-14-tips/index.html]
[www.Zonex.com/blogs/wp-json/wp/v2/posts/6413.json]
[www.Zonex.com/blogs/tag/seo-content-writer/index.html]
[www.Zonex.com/blogs/tag/seo-services-in-islamabad/index.html]
[www.Zonex.com/blogs/tag/seo-writing/index.html]
[www.Zonex.com/blogs/wp-json/oembed/1.0/embed863c.json]
[www.Zonex.com/blogs/tag/small-seo-tools/index.html]
[www.Zonex.com/blogs/wp-json/oembed/1.0/embedb2ba]
[www.Zonex.com/blogs/tag/what-is-seo/index.html]
[www.Zonex.com/blogs/wp-content/uploads/2021/02/seo-1616306_1280.png]
[www.Zonex.com/blogs/meta-tags-facebook-open-graph-and-twitter-cards/feed/index.html]
[www.Zonex.com/blogs/wp-content/uploads/2021/02/fb-og.jpg]
[www.Zonex.com/blogs/meta-tags-facebook-open-graph-and-twitter-cards/index.html]
[www.Zonex.com/blogs/wp-json/wp/v2/posts/6409.json]
[www.Zonex.com/blogs/tag/facebook-open-graph-and-twitter-cards/index.html]
[www.Zonex.com/blogs/wp-json/oembed/1.0/embed29c7.json]
[www.Zonex.com/blogs/tag/facebook-open-graph-tags/index.html]
[www.Zonex.com/blogs/tag/how-to-add-meta-tags-in-wordpress/index.html]
[www.Zonex.com/blogs/wp-json/oembed/1.0/embeddb32]
[www.Zonex.com/blogs/what-are-branded-keywords-and-why-are-they-so-important-for-content-marketing/index.html]
[www.Zonex.com/blogs/tag/meta-tags-for-seo/index.html]
[www.Zonex.com/blogs/tag/meta-tags-for-social-networks/index.html]
[www.Zonex.com/blogs/wp-json/wp/v2/posts/6405.json]
[www.Zonex.com/blogs/tag/twitter-cards/index.html]
[www.Zonex.com/blogs/wp-json/oembed/1.0/embed4bc0.json]
[www.Zonex.com/blogs/what-are-branded-keywords-and-why-are-they-so-important-for-content-marketing/feed/index.html]
[www.Zonex.com/blogs/wp-json/oembed/1.0/embed9845]
[www.Zonex.com/blogs/meet-digital-branding-digital-brand-company/index.html]
[www.Zonex.com/blogs/tag/branded-keywords/index.html]
[www.Zonex.com/blogs/tag/google-keyword-planner/index.html]
[www.Zonex.com/blogs/tag/keyword/index.html]
[www.Zonex.com/blogs/wp-json/wp/v2/posts/6392.json]
[www.Zonex.com/blogs/tag/google-keyword/index.html]
[www.Zonex.com/blogs/tag/keyword-everywhere/index.html]
[www.Zonex.com/blogs/wp-json/oembed/1.0/embed5f53.json]
[www.Zonex.com/blogs/tag/keyword-finder/index.html]
[www.Zonex.com/blogs/wp-json/oembed/1.0/embed7623]
[www.Zonex.com/blogs/how-to-beat-the-marketing-competition-5-strategies/index.html]
[www.Zonex.com/blogs/tag/keyword-planner/index.html]
[www.Zonex.com/blogs/tag/keyword-research/index.html]
[www.Zonex.com/blogs/meet-digital-branding-digital-brand-company/feed/index.html]
[www.Zonex.com/blogs/wp-json/wp/v2/posts/6388.json]
[www.Zonex.com/blogs/wp-json/oembed/1.0/embedf157.json]
[www.Zonex.com/blogs/tag/digital-branding-company/index.html]
[www.Zonex.com/blogs/tag/digital-branding-definition/index.html]
[www.Zonex.com/blogs/wp-json/oembed/1.0/embedb7b1]
[www.Zonex.com/blogs/seo-trends-for-2021-what-to-focus-on-now/index.html]
[www.Zonex.com/blogs/tag/digital-branding-icon/index.html]
[www.Zonex.com/blogs/tag/digital-branding-icon-png/index.html]
[www.Zonex.com/blogs/tag/what-is-digital-branding/index.html]
[www.Zonex.com/blogs/wp-content/uploads/2020/11/google-485611_1280-1.jpg]
[www.Zonex.com/blogs/how-to-beat-the-marketing-competition-5-strategies/feed/index.html]
[www.Zonex.com/blogs/wp-content/uploads/2020/11/analytics-1925495_1280-1024x767.png]
[www.Zonex.com/blogs/author/saad/page/3/index.html]
[www.Zonex.com/blogs/author/saad/page/7/index.html]
[www.Zonex.com/blogs/tag/affiliate-marketing/index.html]
[www.Zonex.com/blogs/tag/seo/page/2/index.html]
[www.Zonex.com/blogs/tag/competition/index.html]
[www.Zonex.com/blogs/seo-trends-for-2021-what-to-focus-on-now/feed/index.html]
[www.Zonex.com/blogs/tag/quiz-competition/index.html]
[www.Zonex.com/blogs/tag/neil-patel-seo/index.html]
[www.Zonex.com/blogs/wp-json/wp/v2/categories/421.json]
[www.Zonex.com/blogs/category/video/index.html]
[www.Zonex.com/blogs/indexb691.html]
[www.Zonex.com/blogs/tag/seo-company/index.html]
[www.Zonex.com/blogs/google-bert-new-update/index.html]
[www.Zonex.com/blogs/tag/youtube-seo/index.html]
[www.Zonex.com/blogs/author/saad/page/5/index.html]
[www.Zonex.com/blogs/author/saad/page/6/index.html]
[www.Zonex.com/blogs/wp-json/wp/v2/tags/470.json]
[www.Zonex.com/blogs/tag/analaysis/index.html]
[www.Zonex.com/blogs/wp-json/wp/v2/tags/469.json]
[www.Zonex.com/blogs/category/video/feed/index.html]
[www.Zonex.com/blogs/tag/keywords/index.html]
[www.Zonex.com/blogs/tag/keywords/feed/index.html]
[www.Zonex.com/blogs/tag/analaysis/feed/index.html]
[www.Zonex.com/blogs/tag/tools/index.html]
[www.Zonex.com/blogs/wp-json/wp/v2/tags/449.json]
[www.Zonex.com/blogs/tag/tools/feed/index.html]
[www.Zonex.com/blogs/wp-content/cache/autoptimize/css/autoptimize_4fd9fc3675e510d0de334f3d1eda0c58.css]
[www.Zonex.com/blogs/wp-json/wp/v2/tags/471.json]
[www.Zonex.com/blogs/tag/top-3/index.html]
[www.Zonex.com/blogs/indexc671.html]
[www.Zonex.com/blogs/tag/top-3/feed/index.html]
[www.Zonex.com/blogs/wp-json/wp/v2/tags/438.json]
[www.Zonex.com/blogs/tag/2022/index.html]
[www.Zonex.com/blogs/tag/2022/feed/index.html]
[www.Zonex.com/blogs/wp-json/wp/v2/tags/440.json]
[www.Zonex.com/blogs/tag/content-localization/index.html]
[www.Zonex.com/blogs/tag/content-localization/feed/index.html]
[www.Zonex.com/blogs/wp-content/uploads/2021/04/choosing-the-best-seo-agency-NOLA.jpg]
[www.Zonex.com/blogs/wp-json/wp/v2/posts/6514.json]
[www.Zonex.com/blogs/ultimate-guide-about-how-to-choose-right-seo-agency-for-yourself/feed/index.html]
[www.Zonex.com/blogs/wp-json/oembed/1.0/embed1c69.json]
[www.Zonex.com/blogs/ultimate-guide-about-how-to-choose-right-seo-agency-for-yourself/index.html]
[www.Zonex.com/blogs/category/digital-marketing/seo/page/1/index.html]
[www.Zonex.com/blogs/index2b01.html]
[www.Zonex.com/blogs/wp-json/oembed/1.0/embed4b63]
[www.Zonex.com/blogs/wp-json/wp/v2/tags/466.json]
[www.Zonex.com/blogs/tag/bing/index.html]
[www.Zonex.com/blogs/tag/bing/feed/index.html]
[www.Zonex.com/blogs/wp-json/wp/v2/tags/467.json]
[www.Zonex.com/blogs/tag/yahoo/index.html]
[www.Zonex.com/blogs/category/search-engine-optimization/page/2/index.html]
[www.Zonex.com/blogs/tag/yahoo/feed/index.html]
[www.Zonex.com/blogs/a-step-by-step-guide-to-on-page-seo-2021/feed/index.html]
[www.Zonex.com/blogs/wp-json/wp/v2/posts/6528.json]
[www.Zonex.com/blogs/wp-json/oembed/1.0/embedd2eb.json]
[www.Zonex.com/blogs/wp-json/oembed/1.0/embed55d1]
[www.Zonex.com/blogs/wp-content/uploads/2020/06/stephen-phillips-hostreviews-co-uk-shr_Xn8S8QU-unsplash-1.jpg]
[www.Zonex.com/blogs/a-step-by-step-guide-to-on-page-seo-2021/index.html]
[www.Zonex.com/blogs/category/search-engine-optimization/page/3/index.html]
[www.Zonex.com/blogs/index5835.html]
[www.Zonex.com/blogs/tag/off-page-seo/index.html]
[www.Zonex.com/blogs/tag/on-page-seo/index.html]
[www.Zonex.com/blogs/wp-json/wp/v2/tags/51.json]
[www.Zonex.com/blogs/tag/digital-marketing/index.html]
[www.Zonex.com/blogs/indexb39a.html]
[www.Zonex.com/blogs/tag/digital-marketing/page/2/index.html]
[www.Zonex.com/blogs/tag/digital-marketing/feed/index.html]
[www.Zonex.com/blogs/wp-json/wp/v2/tags/455.json]
[www.Zonex.com/blogs/tag/diamond-business/index.html]
[www.Zonex.com/blogs/index9370.html]
[www.Zonex.com/blogs/tag/diamond-business/feed/index.html]
[www.Zonex.com/blogs/wp-json/wp/v2/tags/446.json]
[www.Zonex.com/blogs/tag/top-seo-hacks/index.html]
[www.Zonex.com/blogs/index6ba9.html]
[www.Zonex.com/blogs/tag/top-seo-hacks/feed/index.html]
[www.Zonex.com/blogs/wp-json/wp/v2/posts/6551.json]
[www.Zonex.com/blogs/one-stop-guide-to-web-design-company/feed/index.html]
[www.Zonex.com/blogs/wp-json/oembed/1.0/embed7a01.json]
[www.Zonex.com/blogs/one-stop-guide-to-web-design-company/index.html]
[www.Zonex.com/blogs/index8e37.html]
[www.Zonex.com/blogs/wp-json/oembed/1.0/embed9486]
[www.Zonex.com/blogs/wp-json/wp/v2/tags/481.json]
[www.Zonex.com/blogs/tag/business/index.html]
[www.Zonex.com/blogs/tag/business/feed/index.html]
[www.Zonex.com/blogs/wp-json/wp/v2/tags/97.json]
[www.Zonex.com/blogs/tag/site/index.html]
[www.Zonex.com/blogs/indexd1c9.html]
[www.Zonex.com/blogs/tag/site/feed/index.html]
[www.Zonex.com/blogs/wp-json/wp/v2/tags/453.json]
[www.Zonex.com/blogs/tag/best-practices/index.html]
[www.Zonex.com/blogs/tag/best-practices/feed/index.html]
[www.Zonex.com/blogs/wp-json/wp/v2/tags/452.json]
[www.Zonex.com/blogs/tag/html/index.html]
[www.Zonex.com/blogs/index8a27.html]
[www.Zonex.com/blogs/tag/html/feed/index.html]
[www.Zonex.com/blogs/wp-json/wp/v2/tags/408.json]
[www.Zonex.com/blogs/tag/comparison/index.html]
[www.Zonex.com/blogs/tag/comparison/feed/index.html]
[www.Zonex.com/blogs/wp-json/wp/v2/tags/71.json]
[www.Zonex.com/blogs/tag/mobile-apps/index.html]
[www.Zonex.com/blogs/tag/mobile-apps/feed/index.html]
[www.Zonex.com/blogs/wp-json/wp/v2/tags/407.json]
[www.Zonex.com/blogs/tag/web-apps/index.html]
[www.Zonex.com/blogs/tag/web-apps/feed/index.html]
[www.Zonex.com/blogs/wp-json/wp/v2/posts/6564.json]
[www.Zonex.com/blogs/ultimate-guide-to-app-development-software/feed/index.html]
[www.Zonex.com/blogs/wp-json/oembed/1.0/embed9345.json]
[www.Zonex.com/blogs/ultimate-guide-to-app-development-software/index.html]
[www.Zonex.com/blogs/wp-json/oembed/1.0/embed1f3b]
[www.Zonex.com/blogs/wp-content/uploads/2021/05/mobile-app-development-companies.jpg]
[www.Zonex.com/blogs/wp-json/wp/v2/posts/6561.json]
[www.Zonex.com/blogs/top-rated-app-development-companies-of-2021/feed/index.html]
[www.Zonex.com/blogs/wp-json/oembed/1.0/embed9b14.json]
[www.Zonex.com/blogs/wp-json/oembed/1.0/embeda6bf]
[www.Zonex.com/blogs/top-rated-app-development-companies-of-2021/index.html]
[www.Zonex.com/blogs/indexbedf.html]
[www.Zonex.com/blogs/wp-json/wp/v2/tags/45.json]
[www.Zonex.com/blogs/tag/android-apps/index.html]
[www.Zonex.com/blogs/tag/top-mobile-app-development-companies/index.html]
[www.Zonex.com/blogs/tag/android-apps/feed/index.html]
[www.Zonex.com/blogs/wp-json/wp/v2/tags/46.json]
[www.Zonex.com/blogs/tag/ios-apps/index.html]
[www.Zonex.com/blogs/tag/ios-apps/feed/index.html]
[www.Zonex.com/blogs/wp-json/wp/v2/tags/369.json]
[www.Zonex.com/blogs/tag/mobile-app-development/index.html]
[www.Zonex.com/blogs/tag/mobile-app-development/feed/index.html]
[www.Zonex.com/blogs/wp-json/wp/v2/tags/104.json]
[www.Zonex.com/blogs/tag/mobile-application/index.html]
[www.Zonex.com/blogs/category/mobile-apps-development/page/2/index.html]
[www.Zonex.com/blogs/tag/mobile-application/feed/index.html]
[www.Zonex.com/blogs/application-native-vs-web-app/index.html]
[www.Zonex.com/blogs/wp-json/wp/v2/posts/6538.json]
[www.Zonex.com/blogs/an-in-depth-know-how-of-mobile-development-in-2021/feed/index.html]
[www.Zonex.com/blogs/wp-json/oembed/1.0/embed1540.json]
[www.Zonex.com/blogs/wp-json/oembed/1.0/embed3f04]
[www.Zonex.com/blogs/wp-content/uploads/2021/05/gg-1.png]
[www.Zonex.com/blogs/an-in-depth-know-how-of-mobile-development-in-2021/index.html]
[www.Zonex.com/blogs/wp-json/wp/v2/posts/6519.json]
[www.Zonex.com/blogs/an-ultimate-guide-to-mobile-app-development/feed/index.html]
[www.Zonex.com/blogs/wp-json/oembed/1.0/embeda567.json]
[www.Zonex.com/blogs/wp-json/oembed/1.0/embede8fd]
[www.Zonex.com/blogs/wp-content/uploads/2021/04/mobile-app-development-methodologies-1.jpg]
[www.Zonex.com/blogs/an-ultimate-guide-to-mobile-app-development/index.html]
[www.Zonex.com/blogs/indexa4f2.html]
[www.Zonex.com/blogs/indexd6d2.html]
[www.Zonex.com/blogs/wp-json/wp/v2/posts/6601.json]
[www.Zonex.com/blogs/a-beginners-guide-to-web-development/feed/index.html]
[www.Zonex.com/blogs/wp-json/oembed/1.0/embedb997.json]
[www.Zonex.com/blogs/wp-json/oembed/1.0/embedd9ea]
[www.Zonex.com/blogs/wp-content/uploads/2021/05/best-20-web-development-blogs.png]
[www.Zonex.com/blogs/a-beginners-guide-to-web-development/index.html]
[www.Zonex.com/blogs/indexcdcd.html]
[www.Zonex.com/blogs/wp-json/wp/v2/tags/384.json]
[www.Zonex.com/blogs/tag/mobile-application-development/index.html]
[www.Zonex.com/blogs/tag/mobile-application-development/feed/index.html]
[www.Zonex.com/blogs/wp-json/wp/v2/tags/105.json]
[www.Zonex.com/blogs/tag/react-native-mobile-application/index.html]
[www.Zonex.com/blogs/index3333.html]
[www.Zonex.com/blogs/tag/react-native-mobile-application/feed/index.html]
[www.Zonex.com/blogs/wp-json/wp/v2/tags/147.json]
[www.Zonex.com/blogs/tag/ios-app/index.html]
[www.Zonex.com/blogs/tag/ios-app/feed/index.html]
[www.Zonex.com/blogs/wp-json/wp/v2/tags/150.json]
[www.Zonex.com/blogs/tag/ios-application/index.html]
[www.Zonex.com/blogs/tag/ios-application/feed/index.html]
[www.Zonex.com/blogs/wp-json/wp/v2/tags/149.json]
[www.Zonex.com/blogs/tag/ios-technology/index.html]
[www.Zonex.com/blogs/tag/ios-technology/feed/index.html]
[www.Zonex.com/blogs/wp-json/wp/v2/tags/148.json]
[www.Zonex.com/blogs/tag/mac/index.html]
[www.Zonex.com/blogs/tag/mac/feed/index.html]
[www.Zonex.com/blogs/wp-json/wp/v2/posts/6186.json]
[www.Zonex.com/blogs/4-advantages-of-ios-over-android/feed/index.html]
[www.Zonex.com/blogs/wp-json/oembed/1.0/embed6b84.json]
[www.Zonex.com/blogs/4-advantages-of-ios-over-android/index.html]
[www.Zonex.com/blogs/wp-json/oembed/1.0/embedf7d3]
[www.Zonex.com/blogs/tag/android-system/index.html]
[www.Zonex.com/blogs/wp-json/wp/v2/posts/6159.json]
[www.Zonex.com/blogs/tag/advantages/index.html]
[www.Zonex.com/blogs/wp-json/oembed/1.0/embed1928.json]
[www.Zonex.com/blogs/tag/ios-applications/index.html]
[www.Zonex.com/blogs/tag/apple-technology/index.html]
[www.Zonex.com/blogs/wp-json/oembed/1.0/embedc58b]
[www.Zonex.com/blogs/tag/ios-over-android/index.html]
[www.Zonex.com/blogs/wp-content/uploads/2020/09/server-2891812_1920-1.jpg]
[www.Zonex.com/blogs/best-web-hosting-service-websites/index.html]
[www.Zonex.com/blogs/index3702.html]
[www.Zonex.com/blogs/best-web-hosting-service-websites/feed/index.html]
[www.Zonex.com/blogs/tag/best-wordpress-hosting/index.html]
[www.Zonex.com/blogs/tag/free-hosting/index.html]
[www.Zonex.com/blogs/wp-json/wp/v2/tags/75.json]
[www.Zonex.com/blogs/tag/app-store-optimization/index.html]
[www.Zonex.com/blogs/tag/godaddy-website/index.html]
[www.Zonex.com/blogs/wp-json/wp/v2/tags/76.json]
[www.Zonex.com/blogs/tag/application/index.html]
[www.Zonex.com/blogs/tag/webhost000/index.html]
[www.Zonex.com/blogs/tag/app-store-optimization/feed/index.html]
[www.Zonex.com/blogs/tag/profreehost/index.html]
[www.Zonex.com/blogs/tag/web-hosting/index.html]
[www.Zonex.com/blogs/tag/application/feed/index.html]
[www.Zonex.com/blogs/wp-json/wp/v2/tags/74.json]
[www.Zonex.com/blogs/tag/aso/index.html]
[www.Zonex.com/blogs/tag/aso/feed/index.html]
[www.Zonex.com/blogs/wp-json/wp/v2/posts/6049.json]
[www.Zonex.com/blogs/create-mobile-app-landing-pages-for-website-software-house-in-lahore/feed/index.html]
[www.Zonex.com/blogs/wp-json/oembed/1.0/embedcf69.json]
[www.Zonex.com/blogs/create-mobile-app-landing-pages-for-website-software-house-in-lahore/index.html]
[www.Zonex.com/blogs/wp-json/oembed/1.0/embede0d1]
[www.Zonex.com/blogs/wp-content/uploads/2021/06/Web-development-compnay.jpg]
[www.Zonex.com/blogs/tag/examples/index.html]
[www.Zonex.com/blogs/tag/landing-pages/index.html]
[www.Zonex.com/blogs/web-development-services-in-dubai-2021/feed/index.html]
[www.Zonex.com/blogs/wp-json/wp/v2/posts/6669.json]
[www.Zonex.com/blogs/wp-json/oembed/1.0/embeddf8a.json]
[www.Zonex.com/blogs/wp-json/oembed/1.0/embed8b79]
[www.Zonex.com/blogs/web-development-services-in-dubai-2021/index.html]
[www.Zonex.com/blogs/wp-content/uploads/2021/06/Web-Development-Company.jpg]
[www.Zonex.com/blogs/wp-json/wp/v2/posts/6574.json]
[www.Zonex.com/blogs/where-to-get-web-design-and-development-services-2021/feed/index.html]
[www.Zonex.com/blogs/wp-json/oembed/1.0/embedde6f.json]
[www.Zonex.com/blogs/wp-json/oembed/1.0/embeda78f]
[www.Zonex.com/blogs/wp-content/uploads/2021/05/web-design-development-1.png]
[www.Zonex.com/blogs/where-to-get-web-design-and-development-services-2021/index.html]
[www.Zonex.com/blogs/wp-json/wp/v2/posts/6556.json]
[www.Zonex.com/blogs/step-by-step-guide-to-web-application-development/feed/index.html]
[www.Zonex.com/blogs/wp-json/oembed/1.0/embed3fd2.json]
[www.Zonex.com/blogs/step-by-step-guide-to-web-application-development/index.html]
[www.Zonex.com/blogs/wp-json/oembed/1.0/embed8937]
[www.Zonex.com/blogs/wp-json/wp/v2/posts/6533.json]
[www.Zonex.com/blogs/an-in-depth-guide-on-web-development-services/feed/index.html]
[www.Zonex.com/blogs/wp-json/oembed/1.0/embedf4b0.json]
[www.Zonex.com/blogs/wp-json/oembed/1.0/embed909a]
[www.Zonex.com/blogs/wp-content/uploads/2021/05/programming-web-banner-best-languages-260nw-1676060566.jpg]
[www.Zonex.com/blogs/an-in-depth-guide-on-web-development-services/index.html]
[www.Zonex.com/blogs/category/web-development/page/1/index.html]
[www.Zonex.com/blogs/indexf115.html]
[www.Zonex.com/blogs/wp-json/wp/v2/tags/423.json]
[www.Zonex.com/blogs/tag/proxy/index.html]
[www.Zonex.com/blogs/tag/proxy/feed/index.html]
[www.Zonex.com/blogs/wp-json/wp/v2/tags/422.json]
[www.Zonex.com/blogs/tag/testing/index.html]
[www.Zonex.com/blogs/tag/testing/feed/index.html]
[www.Zonex.com/blogs/wp-content/uploads/2021/12/photo-1516321165247-4aa89a48be28.jpg]
[www.Zonex.com/blogs/wp-json/wp/v2/posts/6807.json]
[www.Zonex.com/blogs/usenet-to-web-3-0-evolution-of-online-discussion-forums/feed/index.html]
[www.Zonex.com/blogs/wp-json/oembed/1.0/embed7bae.json]
[www.Zonex.com/blogs/usenet-to-web-3-0-evolution-of-online-discussion-forums/index.html]
[www.Zonex.com/blogs/index7fe6.html]
[www.Zonex.com/blogs/wp-json/oembed/1.0/embed7ce5]
[www.Zonex.com/blogs/tag/forum/index.html]
[www.Zonex.com/blogs/tag/discussion/index.html]
[www.Zonex.com/blogs/tag/web-3-0/index.html]
[www.Zonex.com/blogs/tag/software-house/feed/index.html]
[www.Zonex.com/blogs/tag/software-house/index.html]
[www.Zonex.com/blogs/index71f6.html]
[www.Zonex.com/blogs/wp-json/wp/v2/tags/59.json]
[www.Zonex.com/blogs/wp-json/wp/v2/tags/412.json]
[www.Zonex.com/blogs/tag/agency/index.html]
[www.Zonex.com/blogs/tag/agency/feed/index.html]
[www.Zonex.com/blogs/wp-json/wp/v2/tags/411.json]
[www.Zonex.com/blogs/tag/checklist/index.html]
[www.Zonex.com/blogs/indexf2f1.html]
[www.Zonex.com/blogs/tag/checklist/feed/index.html]
[www.Zonex.com/blogs/wp-json/wp/v2/posts/6523.json]
[www.Zonex.com/blogs/a-comprehensive-guide-about-services-of-a-web-development-company/feed/index.html]
[www.Zonex.com/blogs/wp-json/oembed/1.0/embeddf0f.json]
[www.Zonex.com/blogs/wp-json/oembed/1.0/embedbe81]
[www.Zonex.com/blogs/wp-content/uploads/2021/04/Web-mobile-development-banner-06-1.jpg]
[www.Zonex.com/blogs/a-comprehensive-guide-about-services-of-a-web-development-company/index.html]
[www.Zonex.com/blogs/wp-json/wp/v2/posts/6357.json]
[www.Zonex.com/blogs/professional-website-development/feed/index.html]
[www.Zonex.com/blogs/wp-json/oembed/1.0/embedb574.json]
[www.Zonex.com/blogs/professional-website-development/index.html]
[www.Zonex.com/blogs/wp-json/oembed/1.0/embed7fdb]
[www.Zonex.com/blogs/tag/web-development-courses/index.html]
[www.Zonex.com/blogs/tag/web-development-icon/index.html]
[www.Zonex.com/blogs/wp-json/wp/v2/posts/6307.json]
[www.Zonex.com/blogs/wp-json/oembed/1.0/embedb04d.json]
[www.Zonex.com/blogs/tag/website-development/index.html]
[www.Zonex.com/blogs/wp-json/oembed/1.0/embed0237]
[www.Zonex.com/blogs/site-to-match-googles-parameters-core-web-vitals-algorithm/index.html]
[www.Zonex.com/blogs/tag/website-development-banner/index.html]
[www.Zonex.com/blogs/tag/web-development-images/index.html]
[www.Zonex.com/blogs/tag/website-development-in-lahore/index.html]
[www.Zonex.com/blogs/tag/website-development-proposal/index.html]
[www.Zonex.com/blogs/tag/website-development-services/index.html]
[www.Zonex.com/blogs/tag/website-development-tools/index.html]
[www.Zonex.com/blogs/wp-json/wp/v2/posts/6297.json]
[www.Zonex.com/blogs/site-to-match-googles-parameters-core-web-vitals-algorithm/feed/index.html]
[www.Zonex.com/blogs/wp-json/oembed/1.0/embedd0ec.json]
[www.Zonex.com/blogs/tag/bert/index.html]
[www.Zonex.com/blogs/tag/google-algorithm/index.html]
[www.Zonex.com/blogs/wp-json/oembed/1.0/embed6952]
[www.Zonex.com/blogs/tag/google-algorithm-update/index.html]
[www.Zonex.com/blogs/tag/google-classroom/index.html]
[www.Zonex.com/blogs/wp-content/uploads/2020/10/3month-re.jpg]
[www.Zonex.com/blogs/web-maintenance-guide/index.html]
[www.Zonex.com/blogs/tag/google-maps/index.html]
[www.Zonex.com/blogs/tag/google-scholar/index.html]
[www.Zonex.com/blogs/tag/google-translator/index.html]
[www.Zonex.com/blogs/web-maintenance-guide/feed/index.html]
[www.Zonex.com/blogs/wp-json/wp/v2/posts/6280.json]
[www.Zonex.com/blogs/wp-json/oembed/1.0/embedc13e.json]
[www.Zonex.com/blogs/tag/conversion-opportunities/index.html]
[www.Zonex.com/blogs/tag/web-maintenance/index.html]
[www.Zonex.com/blogs/wp-json/oembed/1.0/embed1866]
[www.Zonex.com/blogs/advantages-of-a-customer-management-software/index.html]
[www.Zonex.com/blogs/tag/web-maintenance-services/index.html]
[www.Zonex.com/blogs/tag/website-maintenance/index.html]
[www.Zonex.com/blogs/advantages-of-a-customer-management-software/feed/index.html]
[www.Zonex.com/blogs/wp-json/wp/v2/posts/6095.json]
[www.Zonex.com/blogs/wp-json/oembed/1.0/embed7bcb.json]
[www.Zonex.com/blogs/tag/customer-relationship-management/index.html]
[www.Zonex.com/blogs/individual-website-or-template-software-house-in-lahore/feed/index.html]
[www.Zonex.com/blogs/wp-json/oembed/1.0/embeddd6c]
[www.Zonex.com/blogs/wp-content/uploads/2020/06/xzzzzzzzzzzzzzzzzzzzzssssss.jpg]
[www.Zonex.com/blogs/individual-website-or-template-software-house-in-lahore/index.html]
[www.Zonex.com/blogs/tag/company/index.html]
[www.Zonex.com/blogs/wp-json/wp/v2/posts/6088.json]
[www.Zonex.com/blogs/tag/individual/index.html]
[www.Zonex.com/blogs/wp-json/oembed/1.0/embedcf1f.json]
[www.Zonex.com/blogs/tag/individual-website/index.html]
[www.Zonex.com/blogs/tag/suits-your-company/index.html]
[www.Zonex.com/blogs/wp-json/oembed/1.0/embed5ad0]
[www.Zonex.com/blogs/tag/website-or-template/index.html]
[www.Zonex.com/blogs/wp-content/uploads/2020/06/webfactory-ltd-B0tAwAQUbzA-unsplash-1.jpg]
[www.Zonex.com/blogs/what-cms-to-choose-for-the-site-software-house-in-lahore/index.html]
[www.Zonex.com/blogs/tag/cms/index.html]
[www.Zonex.com/blogs/what-cms-to-choose-for-the-site-software-house-in-lahore/feed/index.html]
[www.Zonex.com/blogs/tag/how-to-choose/index.html]
[www.Zonex.com/blogs/wp-json/wp/v2/posts/6020.json]
[www.Zonex.com/blogs/top-quality-web-development-company-in-islamabad/feed/index.html]
[www.Zonex.com/blogs/wp-json/oembed/1.0/embed06d8.json]
[www.Zonex.com/blogs/wp-json/oembed/1.0/embed52e3]
[www.Zonex.com/blogs/wp-content/uploads/2020/01/fgvdfhhshdlfhqkfvwhmvfasvfjsbvfhjqwv.jpg]
[www.Zonex.com/blogs/top-quality-web-development-company-in-islamabad/index.html]
[www.Zonex.com/blogs/indexf855.html]
[www.Zonex.com/blogs/wp-json/wp/v2/tags/497.json]
[www.Zonex.com/blogs/tag/microsoft-dynamics/index.html]
[www.Zonex.com/blogs/index9290.html]
[www.Zonex.com/blogs/tag/microsoft-dynamics/feed/index.html]
[www.Zonex.com/blogs/wp-json/wp/v2/tags/198.json]
[www.Zonex.com/blogs/tag/crm-software/index.html]
[www.Zonex.com/blogs/tag/crm-software/feed/index.html]
[www.Zonex.com/blogs/wp-json/wp/v2/tags/200.json]
[www.Zonex.com/blogs/tag/crm-system/index.html]
[www.Zonex.com/blogs/tag/crm-system/feed/index.html]
[www.Zonex.com/blogs/wp-json/wp/v2/tags/21.json]
[www.Zonex.com/blogs/tag/software/index.html]
[www.Zonex.com/blogs/indexa50b.html]
[www.Zonex.com/blogs/tag/software/feed/index.html]
[www.Zonex.com/blogs/wp-json/wp/v2/tags/511.json]
[www.Zonex.com/blogs/tag/hidden-talents/index.html]
[www.Zonex.com/blogs/tag/hidden-talents/feed/index.html]
[www.Zonex.com/blogs/tag/management-strategy/index.html]
[www.Zonex.com/blogs/wp-json/wp/v2/tags/512.json]
[www.Zonex.com/blogs/tag/management-strategy/feed/index.html]
[www.Zonex.com/blogs/wp-json/wp/v2/tags/510.json]
[www.Zonex.com/blogs/tag/talent-management/index.html]
[www.Zonex.com/blogs/index40d9.html]
[www.Zonex.com/blogs/tag/talent-management/feed/index.html]
[www.Zonex.com/blogs/wp-json/wp/v2/tags/67.json]
[www.Zonex.com/blogs/tag/best-tips/index.html]
[www.Zonex.com/blogs/tag/best-tips/feed/index.html]
[www.Zonex.com/blogs/wp-json/wp/v2/tags/475.json]
[www.Zonex.com/blogs/tag/blogging/index.html]
[www.Zonex.com/blogs/tag/blogging/feed/index.html]
[www.Zonex.com/blogs/wp-json/wp/v2/categories/427.json]
[www.Zonex.com/blogs/category/blogs/forum/index.html]
[www.Zonex.com/blogs/indexbf49.html]
[www.Zonex.com/blogs/category/blogs/forum/feed/index.html]
[www.Zonex.com/blogs/wp-json/wp/v2/tags/507.json]
[www.Zonex.com/blogs/tag/innovation-coaching/index.html]
[www.Zonex.com/blogs/index384b.html]
[www.Zonex.com/blogs/tag/innovation-coaching/feed/index.html]
[www.Zonex.com/blogs/wp-json/wp/v2/tags/501.json]
[www.Zonex.com/blogs/tag/recruitment-software/index.html]
[www.Zonex.com/blogs/tag/recruitment-software/feed/index.html]
[www.Zonex.com/blogs/wp-json/wp/v2/tags/502.json]
[www.Zonex.com/blogs/tag/why/index.html]
[www.Zonex.com/blogs/tag/why/feed/index.html]
[www.Zonex.com/blogs/wp-json/wp/v2/posts/6837.json]
[www.Zonex.com/blogs/how-automation-testing-can-benefit-businesses-in-the-future/feed/index.html]
[www.Zonex.com/blogs/wp-json/oembed/1.0/embedf771.json]
[www.Zonex.com/blogs/wp-json/oembed/1.0/embed04d0]
[www.Zonex.com/blogs/wp-content/uploads/2021/12/How-to-Automate-Testing-from-the-Beginning.png]
[www.Zonex.com/blogs/wp-content/uploads/2022/03/Accredited-Agency.png]
[www.Zonex.com/blogs/how-automation-testing-can-benefit-businesses-in-the-future/index.html]
[www.Zonex.com/blogs/tag/quality/index.html]
[www.Zonex.com/blogs/wp-json/wp/v2/categories/433.json]
[www.Zonex.com/blogs/category/software/quality-assurance/index.html]
[www.Zonex.com/blogs/category/software/quality-assurance/feed/index.html]
[www.Zonex.com/blogs/wp-json/wp/v2/categories/432.json]
[www.Zonex.com/blogs/category/software/testing/index.html]
[www.Zonex.com/blogs/wp-content/cache/autoptimize/css/autoptimize_ccbf64c4eda68e4fa47e02b1f0e61a3b.css]
[www.Zonex.com/blogs/index390c.html]
[www.Zonex.com/blogs/category/software/testing/feed/index.html]
[www.Zonex.com/blogs/wp-json/wp/v2/tags/26.json]
[www.Zonex.com/blogs/tag/services/index.html]
[www.Zonex.com/blogs/tag/services/feed/index.html]
[www.Zonex.com/blogs/wp-json/wp/v2/tags/489.json]
[www.Zonex.com/blogs/tag/verification/index.html]
[www.Zonex.com/blogs/index08d1.html]
[www.Zonex.com/blogs/tag/verification/feed/index.html]
[www.Zonex.com/blogs/wp-json/wp/v2/tags/483.json]
[www.Zonex.com/blogs/tag/remote-work/index.html]
[www.Zonex.com/blogs/tag/remote-work/feed/index.html]
[www.Zonex.com/blogs/wp-json/wp/v2/tags/486.json]
[www.Zonex.com/blogs/tag/useful/index.html]
[www.Zonex.com/blogs/wp-content/cache/autoptimize/js/autoptimize_82ef5d65553755b4713e30ee759e0da2.js]
[www.Zonex.com/blogs/tag/useful/feed/index.html]
[www.Zonex.com/blogs/wp-content/cache/autoptimize/js/autoptimize_a2aff080401798f81d41bb6c50c1571e.js]
[www.Zonex.com/blogs/index050e.html]
[www.Zonex.com/blogs/remote-working-most-useful-tools-for-your-business/Trident/index.html]
[www.Zonex.com/blogs/remote-working-most-useful-tools-for-your-business/Edge/index.html]
[www.Zonex.com/blogs/category/organization/remote-work/Trident/index.html]
[www.Zonex.com/blogs/wp-json/wp/v2/tags/480.json]
[www.Zonex.com/blogs/tag/3d-animation/index.html]
[www.Zonex.com/blogs/indexe882.html]
[www.Zonex.com/blogs/page/6/index.html]
[www.Zonex.com/blogs/indexe9b9.html]
[www.Zonex.com/blogs/category/organization/remote-work/Edge/index.html]
[www.Zonex.com/blogs/tag/3d-animation/feed/index.html]
[www.Zonex.com/blogs/wp-json/wp/v2/tags/457.json]
[www.Zonex.com/blogs/tag/security-camera/index.html]
[www.Zonex.com/blogs/index7dde.html]
[www.Zonex.com/blogs/tag/security-camera/feed/index.html]
[www.Zonex.com/blogs/wp-json/wp/v2/tags/454.json]
[www.Zonex.com/blogs/tag/b2b/index.html]
[www.Zonex.com/blogs/tag/b2b/feed/index.html]
[www.Zonex.com/blogs/wp-json/wp/v2/tags/50.json]
[www.Zonex.com/blogs/tag/trends/index.html]
[www.Zonex.com/blogs/index49f8.html]
[www.Zonex.com/blogs/tag/trends/feed/index.html]
[www.Zonex.com/blogs/wp-json/wp/v2/tags/448.json]
[www.Zonex.com/blogs/tag/management/index.html]
[www.Zonex.com/blogs/tag/management/feed/index.html]
[www.Zonex.com/blogs/wp-json/wp/v2/tags/450.json]
[www.Zonex.com/blogs/tag/time-management/index.html]
[www.Zonex.com/blogs/page/7/index.html]
[www.Zonex.com/blogs/indexdc28.html]
[www.Zonex.com/blogs/tag/time-management/feed/index.html]
[www.Zonex.com/blogs/wp-json/wp/v2/tags/37.json]
[www.Zonex.com/blogs/tag/software-houses/index.html]
[www.Zonex.com/blogs/tag/software-houses/feed/index.html]
[www.Zonex.com/blogs/wp-json/wp/v2/tags/36.json]
[www.Zonex.com/blogs/tag/top-10/index.html]
[www.Zonex.com/blogs/tag/top-10/feed/index.html]
[www.Zonex.com/blogs/wp-json/wp/v2/posts/5925.json]
[www.Zonex.com/blogs/android-and-ios-apps-develepment-in-pakistan/feed/index.html]
[www.Zonex.com/blogs/wp-json/oembed/1.0/embed64aa.json]
[www.Zonex.com/blogs/wp-json/oembed/1.0/embed8554]
[www.Zonex.com/blogs/wp-content/uploads/2019/11/casasdas.jpg]
[www.Zonex.com/blogs/android-and-ios-apps-develepment-in-pakistan/index.html]
[www.Zonex.com/blogs/tag/developments/index.html]
[www.Zonex.com/blogs/wp-json/wp/v2/posts/6204.json]
[www.Zonex.com/blogs/it-solution-provider/feed/index.html]
[www.Zonex.com/blogs/wp-json/oembed/1.0/embed3519.json]
[www.Zonex.com/blogs/wp-json/oembed/1.0/embed8963]
[www.Zonex.com/blogs/wp-content/uploads/2020/01/ndwseeqweqeqwq.jpg]
[www.Zonex.com/blogs/wp-content/uploads/2020/08/gmail-ss-600x403.png]
[www.Zonex.com/blogs/wp-content/uploads/2020/05/up-2081170_1280-1-600x360.jpg]
[www.Zonex.com/blogs/it-solution-provider/index.html]
[www.Zonex.com/blogs/tag/it-managed-service/index.html]
[www.Zonex.com/blogs/wp-json/wp/v2/posts/6149.json]
[www.Zonex.com/blogs/tag/it-solution-companies/index.html]
[www.Zonex.com/blogs/wp-json/oembed/1.0/embed5f3b.json]
[www.Zonex.com/blogs/tag/it-solution-provider/index.html]
[www.Zonex.com/blogs/tag/it-solution-provider-company/index.html]
[www.Zonex.com/blogs/wp-json/oembed/1.0/embed5440]
[www.Zonex.com/blogs/tag/it-support-companies/index.html]
[www.Zonex.com/blogs/how-to-reset-gmail-password-on-android-devices/feed/index.html]
[www.Zonex.com/blogs/wp-content/uploads/2020/08/business-3070472_1920.jpg]
[www.Zonex.com/blogs/wp-content/uploads/2020/10/austin-distel-Imc-IoZDMXc-unsplash-2-1-600x403.jpg]
[www.Zonex.com/blogs/how-to-reset-gmail-password-on-android-devices/index.html]
[www.Zonex.com/blogs/tag/gmail-account/index.html]
[www.Zonex.com/blogs/tag/gmail-login/index.html]
[www.Zonex.com/blogs/wp-json/wp/v2/posts/6010.json]
[www.Zonex.com/blogs/tag/gmail-login-mail/index.html]
[www.Zonex.com/blogs/tag/gmail-sign-in/index.html]
[www.Zonex.com/blogs/wp-json/oembed/1.0/embed7f68.json]
[www.Zonex.com/blogs/tag/gmail-sign-up/index.html]
[www.Zonex.com/blogs/best-software-houses-in-islamabad/index.html]
[www.Zonex.com/blogs/wp-json/oembed/1.0/embede2be]
[www.Zonex.com/blogs/tag/reset-gmail/index.html]
[www.Zonex.com/blogs/best-software-houses-in-islamabad/feed/index.html]
[www.Zonex.com/blogs/wp-json/wp/v2/posts/5972.json]
[www.Zonex.com/blogs/tag/islamabad/index.html]
[www.Zonex.com/blogs/benefits-of-the-top-software-company-in-pakistan/feed/index.html]
[www.Zonex.com/blogs/wp-json/oembed/1.0/embedd9e6.json]
[www.Zonex.com/blogs/wp-json/oembed/1.0/embed3e78]
[www.Zonex.com/blogs/wp-content/uploads/2019/12/feredsffgjf.jpg]
[www.Zonex.com/blogs/wp-content/uploads/2019/12/dfdsfdsf-300x200.jpg]
[www.Zonex.com/blogs/wp-content/uploads/2019/12/sdfsdfds-300x200.jpg]
[www.Zonex.com/blogs/benefits-of-the-top-software-company-in-pakistan/index.html]
[www.Zonex.com/blogs/wp-json/wp/v2/posts/5997.json]
[www.Zonex.com/blogs/tag/house/index.html]
[www.Zonex.com/blogs/pakistan-software-house-jobs/feed/index.html]
[www.Zonex.com/blogs/wp-json/oembed/1.0/embedcf0d.json]
[www.Zonex.com/blogs/pakistan-software-house-jobs/index.html]
[www.Zonex.com/blogs/category/software-house/page/2/index.html]
[www.Zonex.com/blogs/wp-json/oembed/1.0/embed1b39]
[www.Zonex.com/blogs/tag/jobs/index.html]
[www.Zonex.com/blogs/7-business-tips-for-software-developers/feed/index.html]
[www.Zonex.com/blogs/wp-json/wp/v2/posts/6345.json]
[www.Zonex.com/blogs/wp-json/oembed/1.0/embedcfe2.json]
[www.Zonex.com/blogs/wp-json/oembed/1.0/embeda909]
[www.Zonex.com/blogs/wp-content/uploads/2020/12/source-4280758_640-600x403.jpg]
[www.Zonex.com/blogs/7-business-tips-for-software-developers/index.html]
[www.Zonex.com/blogs/tag/agile-software-development/index.html]
[www.Zonex.com/blogs/wp-json/wp/v2/posts/6331.json]
[www.Zonex.com/blogs/tag/global-software-development/index.html]
[www.Zonex.com/blogs/tag/software-developer/index.html]
[www.Zonex.com/blogs/wp-json/oembed/1.0/embedee4f.json]
[www.Zonex.com/blogs/tag/software-developer-jobs/index.html]
[www.Zonex.com/blogs/wp-json/oembed/1.0/embed3537]
[www.Zonex.com/blogs/tag/software-developer-jobs-in-karachi/index.html]
[www.Zonex.com/blogs/tag/software-development/index.html]
[www.Zonex.com/blogs/wp-content/uploads/2020/12/light-bulb-1246043_640.jpg]
[www.Zonex.com/blogs/it-service-provider-advantages-and-disadvantages/index.html]
[www.Zonex.com/blogs/wp-json/wp/v2/posts/6310.json]
[www.Zonex.com/blogs/tag/software-development-life-cycle/index.html]
[www.Zonex.com/blogs/tag/software-development-logo/index.html]
[www.Zonex.com/blogs/it-service-provider-advantages-and-disadvantages/feed/index.html]
[www.Zonex.com/blogs/wp-json/oembed/1.0/embed152a.json]
[www.Zonex.com/blogs/wp-json/oembed/1.0/embed6583]
[www.Zonex.com/blogs/benefits-of-creating-quality-software/index.html]
[www.Zonex.com/blogs/tag/it-service/index.html]
[www.Zonex.com/blogs/tag/it-service-company/index.html]
[www.Zonex.com/blogs/tag/it-service-delivery/index.html]
[www.Zonex.com/blogs/tag/it-service-logo/index.html]
[www.Zonex.com/blogs/tag/it-service-management/index.html]
[www.Zonex.com/blogs/wp-json/wp/v2/posts/6301.json]
[www.Zonex.com/blogs/tag/it-service-provider/index.html]
[www.Zonex.com/blogs/tag/it-service-providers/index.html]
[www.Zonex.com/blogs/wp-json/oembed/1.0/embed3248.json]
[www.Zonex.com/blogs/benefits-of-creating-quality-software/feed/index.html]
[www.Zonex.com/blogs/wp-json/oembed/1.0/embed8599]
[www.Zonex.com/blogs/know-what-free-software-is-and-its-basic-characteristics/index.html]
[www.Zonex.com/blogs/tag/software-company-in-lahore/index.html]
[www.Zonex.com/blogs/tag/software-company-logo/index.html]
[www.Zonex.com/blogs/wp-json/wp/v2/posts/6266.json]
[www.Zonex.com/blogs/tag/quality-software/index.html]
[www.Zonex.com/blogs/tag/wordpress-theme-for-software-company/index.html]
[www.Zonex.com/blogs/wp-json/oembed/1.0/embedb232.json]
[www.Zonex.com/blogs/know-what-free-software-is-and-its-basic-characteristics/feed/index.html]
[www.Zonex.com/blogs/list-of-web-development-services-in-software-house/index.html]
[www.Zonex.com/blogs/wp-json/oembed/1.0/embed0926]
[www.Zonex.com/blogs/index4ae0.html]
[www.Zonex.com/blogs/tag/computer-software/index.html]
[www.Zonex.com/blogs/tag/data-recovery-software/index.html]
[www.Zonex.com/blogs/tag/best-software-house/index.html]
[www.Zonex.com/blogs/tag/pc-software/index.html]
[www.Zonex.com/blogs/tag/software-download/index.html]
[www.Zonex.com/blogs/wp-json/wp/v2/posts/5932.json]
[www.Zonex.com/blogs/tag/software-engineering/index.html]
[www.Zonex.com/blogs/wp-json/oembed/1.0/embed971b.json]
[www.Zonex.com/blogs/tag/software-house-website/index.html]
[www.Zonex.com/blogs/tag/system-software/index.html]
[www.Zonex.com/blogs/wp-json/oembed/1.0/embed5ad9]
[www.Zonex.com/blogs/tag/top-software-house/index.html]
[www.Zonex.com/blogs/list-of-web-development-services-in-software-house/feed/index.html]
[www.Zonex.com/blogs/wp-content/uploads/2019/11/new-marketing.jpg]
[www.Zonex.com/blogs/seo-statistics-and-trends-in-pakistan-for-2020/index.html]
[www.Zonex.com/blogs/page/9/index.html]
[www.Zonex.com/blogs/tag/software-developers-company/index.html]
[www.Zonex.com/blogs/seo-statistics-and-trends-in-pakistan-for-2020/feed/index.html]
[www.Zonex.com/blogs/wp-json/wp/v2/posts/6142.json]
[www.Zonex.com/blogs/digital-marketing-vs-internet-marketing-elexoft-technologies/feed/index.html]
[www.Zonex.com/blogs/wp-json/oembed/1.0/embed36ba.json]
[www.Zonex.com/blogs/digital-marketing-vs-internet-marketing-elexoft-technologies/index.html]
[www.Zonex.com/blogs/wp-json/oembed/1.0/embed3a4d]
[www.Zonex.com/blogs/wp-json/wp/v2/posts/6137.json]
[www.Zonex.com/blogs/tag/digital-marketing-agency/index.html]
[www.Zonex.com/blogs/tag/marketing-agency/index.html]
[www.Zonex.com/blogs/8-main-digital-marketing-trends-in-2020/feed/index.html]
[www.Zonex.com/blogs/wp-json/oembed/1.0/embed2da7.json]
[www.Zonex.com/blogs/wp-json/oembed/1.0/embeda023]
[www.Zonex.com/blogs/wp-content/uploads/2020/07/eco-grass-laptop-meadow-3129-1.jpg]
[www.Zonex.com/blogs/8-main-digital-marketing-trends-in-2020/index.html]
[www.Zonex.com/blogs/tag/digital-marketing-pakistan/index.html]
[www.Zonex.com/blogs/wp-json/wp/v2/posts/6133.json]
[www.Zonex.com/blogs/tag/digital-marketing-service-in-pakistan/index.html]
[www.Zonex.com/blogs/tag/digital-marketing-services-in-pakistan/index.html]
[www.Zonex.com/blogs/wp-json/oembed/1.0/embedf60a.json]
[www.Zonex.com/blogs/how-to-evaluate-the-digital-marketing-of-the-company/feed/index.html]
[www.Zonex.com/blogs/how-to-evaluate-the-digital-marketing-of-the-company/index.html]
[www.Zonex.com/blogs/wp-json/oembed/1.0/embed199e]
[www.Zonex.com/blogs/wp-json/wp/v2/posts/6128.json]
[www.Zonex.com/blogs/tag/online-marketing/index.html]
[www.Zonex.com/blogs/digital-marketing-our-complete-guide-2020/feed/index.html]
[www.Zonex.com/blogs/wp-json/oembed/1.0/embeddd1a.json]
[www.Zonex.com/blogs/wp-json/oembed/1.0/embed78a1]
[www.Zonex.com/blogs/wp-content/uploads/2020/07/sdfewdsfewsdfew.jpg]
[www.Zonex.com/blogs/digital-marketing-our-complete-guide-2020/index.html]
[www.Zonex.com/blogs/wp-json/wp/v2/posts/6112.json]
[www.Zonex.com/blogs/tag/digital-marketing-2/index.html]
[www.Zonex.com/blogs/tag/e-marketing/index.html]
[www.Zonex.com/blogs/wp-json/oembed/1.0/embedcf25.json]
[www.Zonex.com/blogs/tag/web-marketing/index.html]
[www.Zonex.com/blogs/top-5-seo-plugins-for-wordpress-software-house-in-lahore/feed/index.html]
[www.Zonex.com/blogs/wp-json/oembed/1.0/embed7bc2]
[www.Zonex.com/blogs/wp-content/uploads/2020/07/fdddddywggwwwe.jpg]
[www.Zonex.com/blogs/top-5-seo-plugins-for-wordpress-software-house-in-lahore/index.html]
[www.Zonex.com/blogs/wp-json/wp/v2/posts/6106.json]
[www.Zonex.com/blogs/tag/plugin-for-wordpress/index.html]
[www.Zonex.com/blogs/tag/software-house-in-lahore/index.html]
[www.Zonex.com/blogs/tag/top-5-seo-plugin/index.html]
[www.Zonex.com/blogs/wp-json/oembed/1.0/embedebfc.json]
[www.Zonex.com/blogs/tag/top-seo-plugin/index.html]
[www.Zonex.com/blogs/google-search-console-a-simple-guide-software-house-in-lahore/feed/index.html]
[www.Zonex.com/blogs/google-search-console-a-simple-guide-software-house-in-lahore/index.html]
[www.Zonex.com/blogs/wp-json/oembed/1.0/embed48c5]
[www.Zonex.com/blogs/tag/serp/index.html]
[www.Zonex.com/blogs/tag/beginners-guide-2/index.html]
[www.Zonex.com/blogs/tag/google-search-console/index.html]
[www.Zonex.com/blogs/tag/search-engines/index.html]
[www.Zonex.com/blogs/tag/webmaster-tools/index.html]
[www.Zonex.com/blogs/react-native-mobile-apps-development-software-house-in-lahore/feed/index.html]
[www.Zonex.com/blogs/wp-json/wp/v2/posts/6099.json]
[www.Zonex.com/blogs/wp-json/oembed/1.0/embede8b3.json]
[www.Zonex.com/blogs/wp-json/oembed/1.0/embed4d92]
[www.Zonex.com/blogs/wp-content/uploads/2020/06/dfsdfdsfdsfeeeee.png]
[www.Zonex.com/blogs/react-native-mobile-apps-development-software-house-in-lahore/index.html]
[www.Zonex.com/blogs/page/8/index.html]
[www.Zonex.com/blogs/index37fa.html]
[www.Zonex.com/blogs/wp-json/wp/v2/tags/410.json]
[www.Zonex.com/blogs/tag/2021/index.html]
[www.Zonex.com/blogs/tag/native-mobile-apps/index.html]
[www.Zonex.com/blogs/tag/react-native/index.html]
[www.Zonex.com/blogs/tag/application-development/index.html]
[www.Zonex.com/blogs/tag/speed-​​and-versatility/index.html]
[www.Zonex.com/blogs/tag/2021/feed/index.html]
[www.Zonex.com/blogs/wp-json/wp/v2/tags/373.json]
[www.Zonex.com/blogs/tag/trends-in-2021/index.html]
[www.Zonex.com/blogs/index5541.html]
[www.Zonex.com/blogs/tag/trends-in-2021/feed/index.html]
[www.Zonex.com/blogs/wp-json/wp/v2/tags/189.json]
[www.Zonex.com/blogs/tag/software-house-websites/index.html]
[www.Zonex.com/blogs/index62b8.html]
[www.Zonex.com/blogs/index8156.html]
[www.Zonex.com/blogs/tag/software-house-websites/feed/index.html]
[www.Zonex.com/blogs/wp-json/wp/v2/tags/167.json]
[www.Zonex.com/blogs/tag/the-10-most-popular-programming-languages/index.html]
[www.Zonex.com/blogs/tag/the-10-most-popular-programming-languages/feed/index.html]
[www.Zonex.com/blogs/wp-json/wp/v2/tags/163.json]
[www.Zonex.com/blogs/tag/top-10-best-programming-languages-to-learn-in-2020/index.html]
[www.Zonex.com/blogs/tag/top-10-best-programming-languages-to-learn-in-2020/feed/index.html]
[www.Zonex.com/blogs/wp-json/wp/v2/tags/162.json]
[www.Zonex.com/blogs/tag/top-10-in-demand-programming-languages/index.html]
[www.Zonex.com/blogs/author/james/page/6/index.html]
[www.Zonex.com/blogs/author/james/page/7/index.html]
[www.Zonex.com/blogs/tag/top-10-in-demand-programming-languages/feed/index.html]
[www.Zonex.com/blogs/wp-content/uploads/2021/05/Steps-Custom-Software-Development-SignitySolutions.png]
[www.Zonex.com/blogs/wp-json/wp/v2/posts/6545.json]
[www.Zonex.com/blogs/business-related-guide-to-custom-software-development/feed/index.html]
[www.Zonex.com/blogs/wp-json/oembed/1.0/embed120c.json]
[www.Zonex.com/blogs/wp-json/oembed/1.0/embed245f]
[www.Zonex.com/blogs/business-related-guide-to-custom-software-development/index.html]
[www.Zonex.com/blogs/indexb7d1.html]
[www.Zonex.com/blogs/wp-json/wp/v2/tags/129.json]
[www.Zonex.com/blogs/tag/digital-marketing-services/index.html]
[www.Zonex.com/blogs/tag/digital-marketing-services/feed/index.html]
[www.Zonex.com/blogs/tag/search-engine-optimization/feed/index.html]
[www.Zonex.com/blogs/tag/search-engine-optimization/index.html]
[www.Zonex.com/blogs/wp-json/wp/v2/tags/387.json]
[www.Zonex.com/blogs/wp-json/wp/v2/tags/386.json]
[www.Zonex.com/blogs/tag/seo-services-in-london/index.html]
[www.Zonex.com/blogs/tag/seo-services-in-london/feed/index.html]
[www.Zonex.com/blogs/wp-json/wp/v2/tags/273.json]
[www.Zonex.com/blogs/tag/seo-services-in-pakistan/index.html]
[www.Zonex.com/blogs/indexffbe.html]
[www.Zonex.com/blogs/tag/seo-services-in-pakistan/feed/index.html]
[www.Zonex.com/blogs/wp-json/wp/v2/tags/257.json]
[www.Zonex.com/blogs/tag/android-software-development/index.html]
[www.Zonex.com/blogs/tag/android-software-development/feed/index.html]
[www.Zonex.com/blogs/wp-json/wp/v2/tags/128.json]
[www.Zonex.com/blogs/tag/digital-marketing-company/index.html]
[www.Zonex.com/blogs/tag/digital-marketing-company/feed/index.html]
[www.Zonex.com/blogs/wp-json/wp/v2/tags/388.json]
[www.Zonex.com/blogs/tag/software-companies-websites/index.html]
[www.Zonex.com/blogs/index1f59.html]
[www.Zonex.com/blogs/index7fd3.html]
[www.Zonex.com/blogs/tag/software-companies-websites/feed/index.html]
[www.Zonex.com/blogs/tag/hp/feed/index.html]
[www.Zonex.com/blogs/tag/hp/index.html]
[www.Zonex.com/blogs/wp-json/wp/v2/tags/392.json]
[www.Zonex.com/blogs/wp-json/wp/v2/tags/390.json]
[www.Zonex.com/blogs/tag/ibm/index.html]
[www.Zonex.com/blogs/tag/ibm/feed/index.html]
[www.Zonex.com/blogs/tag/microsoft/index.html]
[www.Zonex.com/blogs/index4860.html]
[www.Zonex.com/blogs/index2758.html]
[www.Zonex.com/blogs/index980f.html]
[www.Zonex.com/blogs/wp-json/wp/v2/tags/391.json]
[www.Zonex.com/blogs/tag/microsoft/feed/index.html]
[www.Zonex.com/blogs/wp-json/wp/v2/tags/383.json]
[www.Zonex.com/blogs/tag/best-web-development-services/index.html]
[www.Zonex.com/blogs/tag/best-web-development-services/feed/index.html]
[www.Zonex.com/blogs/wp-json/wp/v2/tags/385.json]
[www.Zonex.com/blogs/tag/graphic-design/index.html]
[www.Zonex.com/blogs/indexb98f.html]
[www.Zonex.com/blogs/tag/graphic-design/feed/index.html]
[www.Zonex.com/blogs/wp-json/wp/v2/tags/80.json]
[www.Zonex.com/blogs/tag/branding/index.html]
[www.Zonex.com/blogs/tag/branding/feed/index.html]
[www.Zonex.com/blogs/wp-json/wp/v2/tags/364.json]
[www.Zonex.com/blogs/tag/branding-agency/index.html]
[www.Zonex.com/blogs/tag/branding-agency/feed/index.html]
[www.Zonex.com/blogs/wp-json/wp/v2/tags/361.json]
[www.Zonex.com/blogs/tag/branding-design/index.html]
[www.Zonex.com/blogs/tag/branding-design/feed/index.html]
[www.Zonex.com/blogs/wp-json/wp/v2/tags/362.json]
[www.Zonex.com/blogs/tag/branding-icon/index.html]
[www.Zonex.com/blogs/tag/branding-icon/feed/index.html]
[www.Zonex.com/blogs/wp-json/wp/v2/tags/363.json]
[www.Zonex.com/blogs/tag/branding-mockup/index.html]
[www.Zonex.com/blogs/tag/branding-mockup/feed/index.html]
[www.Zonex.com/blogs/wp-json/wp/v2/tags/360.json]
[www.Zonex.com/blogs/tag/corporate-branding/index.html]
[www.Zonex.com/blogs/tag/corporate-branding/feed/index.html]
[www.Zonex.com/blogs/wp-json/wp/v2/tags/365.json]
[www.Zonex.com/blogs/tag/elements-of-branding/index.html]
[www.Zonex.com/blogs/tag/elements-of-branding/feed/index.html]
[www.Zonex.com/blogs/wp-json/wp/v2/posts/6571.json]
[www.Zonex.com/blogs/ultimate-guide-to-software-development-company/feed/index.html]
[www.Zonex.com/blogs/wp-json/oembed/1.0/embedee65.json]
[www.Zonex.com/blogs/ultimate-guide-to-software-development-company/index.html]
[www.Zonex.com/blogs/index68ec.html]
[www.Zonex.com/blogs/wp-json/oembed/1.0/embed7259]
[www.Zonex.com/blogs/wp-json/wp/v2/posts/6372.json]
[www.Zonex.com/blogs/seo-copywriting-boost-your-blog-traffic/feed/index.html]
[www.Zonex.com/blogs/wp-json/oembed/1.0/embed1c99.json]
[www.Zonex.com/blogs/wp-json/oembed/1.0/embedf9a8]
[www.Zonex.com/blogs/seo-copywriting-boost-your-blog-traffic/index.html]
[www.Zonex.com/blogs/wp-json/wp/v2/tags/304.json]
[www.Zonex.com/blogs/tag/facebook-marketing/index.html]
[www.Zonex.com/blogs/tag/seo-content-writing/index.html]
[www.Zonex.com/blogs/tag/seo-content-machine/index.html]
[www.Zonex.com/blogs/tag/seo-copywriting/index.html]
[www.Zonex.com/blogs/tag/seo-copywriting-services/index.html]
[www.Zonex.com/blogs/tag/seo-meaning/index.html]
[www.Zonex.com/blogs/wp-json/wp/v2/tags/126.json]
[www.Zonex.com/blogs/tag/internet-marketing/index.html]
[www.Zonex.com/blogs/tag/facebook-marketing/feed/index.html]
[www.Zonex.com/blogs/wp-json/wp/v2/tags/303.json]
[www.Zonex.com/blogs/tag/marketing-definition/index.html]
[www.Zonex.com/blogs/tag/internet-marketing/feed/index.html]
[www.Zonex.com/blogs/tag/marketing-definition/feed/index.html]
[www.Zonex.com/blogs/wp-json/wp/v2/tags/306.json]
[www.Zonex.com/blogs/tag/marketing-logo/index.html]
[www.Zonex.com/blogs/tag/marketing-logo/feed/index.html]
[www.Zonex.com/blogs/wp-json/wp/v2/tags/302.json]
[www.Zonex.com/blogs/tag/marketing-plan/index.html]
[www.Zonex.com/blogs/tag/marketing-plan/feed/index.html]
[www.Zonex.com/blogs/wp-json/wp/v2/tags/305.json]
[www.Zonex.com/blogs/tag/marketing-strategies/index.html]
[www.Zonex.com/blogs/tag/marketing-strategies/feed/index.html]
[www.Zonex.com/blogs/wp-json/wp/v2/posts/6382.json]
[www.Zonex.com/blogs/what-are-cpc-cpm-and-cpa/feed/index.html]
[www.Zonex.com/blogs/wp-json/oembed/1.0/embed2d73.json]
[www.Zonex.com/blogs/what-are-cpc-cpm-and-cpa/index.html]
[www.Zonex.com/blogs/index84b8.html]
[www.Zonex.com/blogs/wp-json/oembed/1.0/embed76a4]
[www.Zonex.com/blogs/wp-json/wp/v2/tags/140.json]
[www.Zonex.com/blogs/tag/2020/index.html]
[www.Zonex.com/blogs/tag/cpa-stands-for/index.html]
[www.Zonex.com/blogs/tag/apm/index.html]
[www.Zonex.com/blogs/tag/cpa/index.html]
[www.Zonex.com/blogs/indexccba.html]
[www.Zonex.com/blogs/tag/cpc/index.html]
[www.Zonex.com/blogs/tag/cpc-1908/index.html]
[www.Zonex.com/blogs/tag/cpc-pakistan/index.html]
[www.Zonex.com/blogs/tag/cpc-stands-for/index.html]
[www.Zonex.com/blogs/tag/cpm-stands-for/index.html]
[www.Zonex.com/blogs/wp-json/wp/v2/tags/65.json]
[www.Zonex.com/blogs/tag/unique-content/index.html]
[www.Zonex.com/blogs/tag/what-is-cpc/index.html]
[www.Zonex.com/blogs/tag/seo-services/page/2/index.html]
[www.Zonex.com/blogs/tag/2020/feed/index.html]
[www.Zonex.com/blogs/tag/what-is-cpa/index.html]
[www.Zonex.com/blogs/tag/what-is-cpm/index.html]
[www.Zonex.com/blogs/tag/unique-content/feed/index.html]
[www.Zonex.com/blogs/wp-json/wp/v2/posts/6368.json]
[www.Zonex.com/blogs/how-to-choose-an-seo-contractor/feed/index.html]
[www.Zonex.com/blogs/wp-json/oembed/1.0/embed366d.json]
[www.Zonex.com/blogs/how-to-choose-an-seo-contractor/index.html]
[www.Zonex.com/blogs/wp-json/oembed/1.0/embed1a90]
[www.Zonex.com/blogs/tag/seo-checker/index.html]
[www.Zonex.com/blogs/wp-json/wp/v2/posts/6316.json]
[www.Zonex.com/blogs/tag/seo-stands-for/index.html]
[www.Zonex.com/blogs/tag/yoast-seo/index.html]
[www.Zonex.com/blogs/wp-json/oembed/1.0/embedec78.json]
[www.Zonex.com/blogs/marketing-and-sales-how-to-integrate-them-to-generate-more-profits/feed/index.html]
[www.Zonex.com/blogs/wp-json/oembed/1.0/embed6621]
[www.Zonex.com/blogs/marketing-and-sales-how-to-integrate-them-to-generate-more-profits/index.html]
[www.Zonex.com/blogs/index6fb5.html]
[www.Zonex.com/blogs/wp-json/wp/v2/tags/192.json]
[www.Zonex.com/blogs/tag/backlink-checker/index.html]
[www.Zonex.com/blogs/tag/difference-between-marketing-and-sales/index.html]
[www.Zonex.com/blogs/tag/what-is-digital-marketing/index.html]
[www.Zonex.com/blogs/tag/backlink-checker/feed/index.html]
[www.Zonex.com/blogs/tag/marketing-and-sales/index.html]
[www.Zonex.com/blogs/tag/marketing-mix/index.html]
[www.Zonex.com/blogs/wp-json/wp/v2/tags/195.json]
[www.Zonex.com/blogs/tag/domain-authority-checker/index.html]
[www.Zonex.com/blogs/tag/domain-authority-checker/feed/index.html]
[www.Zonex.com/blogs/wp-json/wp/v2/tags/196.json]
[www.Zonex.com/blogs/tag/seo-analysis/index.html]
[www.Zonex.com/blogs/tag/seo-analysis/feed/index.html]
[www.Zonex.com/blogs/wp-json/wp/v2/tags/194.json]
[www.Zonex.com/blogs/tag/seo-audit/index.html]
[www.Zonex.com/blogs/tag/seo-audit/feed/index.html]
[www.Zonex.com/blogs/wp-json/wp/v2/tags/193.json]
[www.Zonex.com/blogs/tag/seo-tools/index.html]
[www.Zonex.com/blogs/indexb75e.html]
[www.Zonex.com/blogs/index5986.html]
[www.Zonex.com/blogs/index9738.html]
[www.Zonex.com/blogs/tag/seo-tools/feed/index.html]
[www.Zonex.com/blogs/wp-json/wp/v2/tags/437.json]
[www.Zonex.com/blogs/tag/cyber-security/index.html]
[www.Zonex.com/blogs/indexfa05.html]
[www.Zonex.com/blogs/tag/cyber-security/feed/index.html]
[www.Zonex.com/blogs/wp-json/wp/v2/tags/415.json]
[www.Zonex.com/blogs/tag/non-profit/index.html]
[www.Zonex.com/blogs/tag/non-profit/feed/index.html]
[www.Zonex.com/blogs/wp-json/wp/v2/tags/416.json]
[www.Zonex.com/blogs/tag/organization/index.html]
[www.Zonex.com/blogs/indexc67f.html]
[www.Zonex.com/blogs/tag/organization/feed/index.html]
[www.Zonex.com/blogs/wp-json/wp/v2/posts/6348.json]
[www.Zonex.com/blogs/how-to-get-followers-on-twitter/feed/index.html]
[www.Zonex.com/blogs/wp-json/oembed/1.0/embed0da3.json]
[www.Zonex.com/blogs/how-to-get-followers-on-twitter/index.html]
[www.Zonex.com/blogs/wp-json/oembed/1.0/embed6e52]
[www.Zonex.com/blogs/tag/followers-on-twitter/index.html]
[www.Zonex.com/blogs/tag/twitter/index.html]
[www.Zonex.com/blogs/tag/twitter-follow-button/index.html]
[www.Zonex.com/blogs/tag/twitter-log-in/index.html]
[www.Zonex.com/blogs/wp-json/wp/v2/posts/6326.json]
[www.Zonex.com/blogs/tag/twitter-login/index.html]
[www.Zonex.com/blogs/tag/twitter-search/index.html]
[www.Zonex.com/blogs/tag/twitter-sign-up/index.html]
[www.Zonex.com/blogs/wp-json/oembed/1.0/embedc122.json]
[www.Zonex.com/blogs/tag/twitter-trends-pakistan/index.html]
[www.Zonex.com/blogs/wp-json/oembed/1.0/embeddc3b]
[www.Zonex.com/blogs/search-intent-meet-user-needs/index.html]
[www.Zonex.com/blogs/tag/twitter-video-downloader/index.html]
[www.Zonex.com/blogs/search-intent-meet-user-needs/feed/index.html]
[www.Zonex.com/blogs/tag/facebook-search/index.html]
[www.Zonex.com/blogs/wp-json/wp/v2/posts/6284.json]
[www.Zonex.com/blogs/tag/google-search/index.html]
[www.Zonex.com/blogs/wp-json/oembed/1.0/embedaa37.json]
[www.Zonex.com/blogs/tag/search/index.html]
[www.Zonex.com/blogs/tag/search-by-image/index.html]
[www.Zonex.com/blogs/wp-json/oembed/1.0/embed6be8]
[www.Zonex.com/blogs/tag/search-console/index.html]
[www.Zonex.com/blogs/tag/search-intent/index.html]
[www.Zonex.com/blogs/wp-content/uploads/2020/11/laptop-1104066_1280-1.jpg]
[www.Zonex.com/blogs/15-effective-strategies-to-sell-software/index.html]
[www.Zonex.com/blogs/15-effective-strategies-to-sell-software/feed/index.html]
[www.Zonex.com/blogs/wp-json/wp/v2/posts/6237.json]
[www.Zonex.com/blogs/wp-json/oembed/1.0/embed979f.json]
[www.Zonex.com/blogs/tag/boost-revenue/index.html]
[www.Zonex.com/blogs/tag/saas-business-for-sale/index.html]
[www.Zonex.com/blogs/wp-json/oembed/1.0/embedbe7c]
[www.Zonex.com/blogs/tag/saas-sales/index.html]
[www.Zonex.com/blogs/wp-content/uploads/2020/10/Ahrefs-dd-1024x441.png]
[www.Zonex.com/blogs/tag/sell-software-online/index.html]
[www.Zonex.com/blogs/tag/software-sale/index.html]
[www.Zonex.com/blogs/wp-content/uploads/2020/10/SemRush-eee-1024x529.png]
[www.Zonex.com/blogs/wp-content/uploads/2020/10/Moz-Pro-ded.jpg]
[www.Zonex.com/blogs/14-best-seo-tools-all-seo-experts-use-in-2020/feed/index.html]
[www.Zonex.com/blogs/wp-content/uploads/2020/10/Google-Analytics-deed-1.jpg]
[www.Zonex.com/blogs/wp-content/uploads/2020/10/3month-re-1024x633.jpg]
[www.Zonex.com/blogs/wp-content/uploads/2020/10/Majestic-SEO-Marketing-Tools-ee.png]
[www.Zonex.com/blogs/wp-content/uploads/2020/10/SEOprofiler-erer-1024x495.png]
[www.Zonex.com/blogs/wp-content/uploads/2020/10/Screaming-Frog-SEO-Spider-1.jpg]
[www.Zonex.com/blogs/wp-content/uploads/2020/10/Ubersuggest-eee-1024x471.jpg]
[www.Zonex.com/blogs/wp-content/uploads/2020/10/KWFinder-SEO-Keyword-Tool-dd-1024x501.png]
[www.Zonex.com/blogs/wp-content/uploads/2020/10/BuzzSumoeee-1024x535.png]
[www.Zonex.com/blogs/wp-content/uploads/2020/10/Google-PageSpeed-​​Insights-1024x582.png]
[www.Zonex.com/blogs/wp-content/uploads/2020/10/Pingdom-eee-1024x538.jpg]
[www.Zonex.com/blogs/wp-content/uploads/2020/10/Website-SEO-check-ee-1024x538.jpg]
[www.Zonex.com/blogs/14-best-seo-tools-all-seo-experts-use-in-2020/index.html]
[www.Zonex.com/blogs/index9a30.html]
[www.Zonex.com/blogs/tag/keyword-research-tool/index.html]
[www.Zonex.com/blogs/tag/seo-tool/index.html]
[www.Zonex.com/blogs/wp-json/wp/v2/tags/93.json]
[www.Zonex.com/blogs/tag/competitors/index.html]
[www.Zonex.com/blogs/tag/seositecheckup/index.html]
[www.Zonex.com/blogs/tag/competitors/feed/index.html]
[www.Zonex.com/blogs/tag/ubersuggest/index.html]
[www.Zonex.com/blogs/tag/market/feed/index.html]
[www.Zonex.com/blogs/tag/market/index.html]
[www.Zonex.com/blogs/wp-json/wp/v2/tags/94.json]
[www.Zonex.com/blogs/wp-json/wp/v2/tags/92.json]
[www.Zonex.com/blogs/tag/market-of-competitors/index.html]
[www.Zonex.com/blogs/tag/market-of-competitors/feed/index.html]
[www.Zonex.com/blogs/wp-json/wp/v2/tags/91.json]
[www.Zonex.com/blogs/tag/position-yourself/index.html]
[www.Zonex.com/blogs/tag/position-yourself/feed/index.html]
[www.Zonex.com/blogs/wp-json/wp/v2/tags/88.json]
[www.Zonex.com/blogs/tag/target-audience/index.html]
[www.Zonex.com/blogs/index2ffd.html]
[www.Zonex.com/blogs/tag/target-audience/feed/index.html]
[www.Zonex.com/blogs/wp-json/wp/v2/tags/89.json]
[www.Zonex.com/blogs/tag/how-to-find-your-target-audience/index.html]
[www.Zonex.com/blogs/tag/how-to-find-your-target-audience/feed/index.html]
[www.Zonex.com/blogs/wp-json/wp/v2/tags/90.json]
[www.Zonex.com/blogs/tag/target-audience-new/index.html]
[www.Zonex.com/blogs/indexdb30.html]
[www.Zonex.com/blogs/tag/target-audience-new/feed/index.html]
[www.Zonex.com/blogs/wp-json/wp/v2/tags/82.json]
[www.Zonex.com/blogs/tag/branding-versus-performance/index.html]
[www.Zonex.com/blogs/tag/branding-versus-performance/feed/index.html]
[www.Zonex.com/blogs/wp-json/wp/v2/tags/83.json]
[www.Zonex.com/blogs/tag/promotion/index.html]
[www.Zonex.com/blogs/indexa922.html]
[www.Zonex.com/blogs/tag/promotion/feed/index.html]
[www.Zonex.com/blogs/wp-json/wp/v2/tags/68.json]
[www.Zonex.com/blogs/tag/channels/index.html]
[www.Zonex.com/blogs/tag/channels/feed/index.html]
[www.Zonex.com/blogs/wp-json/wp/v2/tags/69.json]
[www.Zonex.com/blogs/tag/google-adwords/index.html]
[www.Zonex.com/blogs/tag/google-adwords/feed/index.html]
[www.Zonex.com/blogs/wp-json/wp/v2/tags/66.json]
[www.Zonex.com/blogs/tag/youtube-ads/index.html]
[www.Zonex.com/blogs/index87b1.html]
[www.Zonex.com/blogs/tag/youtube-ads/feed/index.html]
[www.Zonex.com/blogs/wp-json/wp/v2/tags/54.json]
[www.Zonex.com/blogs/tag/networks/index.html]
[www.Zonex.com/blogs/tag/networks/feed/index.html]
[www.Zonex.com/blogs/wp-json/wp/v2/tags/55.json]
[www.Zonex.com/blogs/tag/publish/index.html]
[www.Zonex.com/blogs/tag/web-development/page/2/index.html]
[www.Zonex.com/blogs/indexf80a.html]
[www.Zonex.com/blogs/tag/publish/feed/index.html]
[www.Zonex.com/blogs/tag/video-editing-software/feed/index.html]
[www.Zonex.com/blogs/wp-json/wp/v2/tags/216.json]
[www.Zonex.com/blogs/tag/video-editing-software/index.html]
[www.Zonex.com/blogs/index9a57.html]
[www.Zonex.com/blogs/index302b.html]
[www.Zonex.com/blogs/index9d90.html]
[www.Zonex.com/blogs/wp-json/wp/v2/tags/404.json]
[www.Zonex.com/blogs/tag/erp/index.html]
[www.Zonex.com/blogs/index7d73.html]
[www.Zonex.com/blogs/index2577.html]
[www.Zonex.com/blogs/category/software-company/page/1/index.html]
[www.Zonex.com/blogs/indexc07f.html]
[www.Zonex.com/blogs/index2a10.html]
[www.Zonex.com/blogs/indexf526.html]
[www.Zonex.com/blogs/tag/erp/feed/index.html]
[www.Zonex.com/blogs/wp-json/wp/v2/tags/400.json]
[www.Zonex.com/blogs/tag/best-graphic-design-company/index.html]
[www.Zonex.com/blogs/tag/best-graphic-design-company/feed/index.html]
[www.Zonex.com/blogs/wp-json/wp/v2/tags/366.json]
[www.Zonex.com/blogs/tag/elexoft/index.html]
[www.Zonex.com/blogs/tag/elexoft/feed/index.html]
[www.Zonex.com/blogs/wp-json/wp/v2/tags/399.json]
[www.Zonex.com/blogs/tag/graphic-designing-services/index.html]
[www.Zonex.com/blogs/indexf6ef.html]
[www.Zonex.com/blogs/tag/graphic-designing-services/feed/index.html]
[www.Zonex.com/blogs/wp-json/wp/v2/tags/184.json]
[www.Zonex.com/blogs/tag/content-marketing/index.html]
[www.Zonex.com/blogs/tag/content-marketing/feed/index.html]
[www.Zonex.com/blogs/wp-json/wp/v2/tags/187.json]
[www.Zonex.com/blogs/tag/content-marketing-services/index.html]
[www.Zonex.com/blogs/tag/content-marketing-services/feed/index.html]
[www.Zonex.com/blogs/wp-json/wp/v2/tags/185.json]
[www.Zonex.com/blogs/tag/content-marketing-strategy/index.html]
[www.Zonex.com/blogs/tag/content-marketing-strategy/feed/index.html]
[www.Zonex.com/blogs/wp-json/wp/v2/tags/188.json]
[www.Zonex.com/blogs/tag/digital-content-marketing/index.html]
[www.Zonex.com/blogs/index15a0.html]
[www.Zonex.com/blogs/tag/digital-content-marketing/feed/index.html]
[www.Zonex.com/blogs/wp-json/wp/v2/tags/86.json]
[www.Zonex.com/blogs/tag/google-https/index.html]
[www.Zonex.com/blogs/tag/google-https/feed/index.html]
[www.Zonex.com/blogs/wp-json/wp/v2/tags/85.json]
[www.Zonex.com/blogs/tag/how-https-affects-site-security/index.html]
[www.Zonex.com/blogs/tag/how-https-affects-site-security/feed/index.html]
[www.Zonex.com/blogs/wp-json/wp/v2/tags/84.json]
[www.Zonex.com/blogs/tag/https/index.html]
[www.Zonex.com/blogs/tag/https/feed/index.html]
[www.Zonex.com/blogs/wp-json/wp/v2/tags/87.json]
[www.Zonex.com/blogs/tag/website-security/index.html]
[www.Zonex.com/blogs/indexe54c.html]
[www.Zonex.com/blogs/tag/website-security/feed/index.html]
[www.Zonex.com/blogs/wp-json/wp/v2/tags/78.json]
[www.Zonex.com/blogs/tag/freelancing/index.html]
[www.Zonex.com/blogs/tag/freelancing/feed/index.html]
[www.Zonex.com/blogs/wp-json/wp/v2/tags/79.json]
[www.Zonex.com/blogs/tag/top-freelancing/index.html]
[www.Zonex.com/blogs/tag/top-freelancing/feed/index.html]
[www.Zonex.com/blogs/wp-json/wp/v2/tags/72.json]
[www.Zonex.com/blogs/tag/websites/index.html]
[www.Zonex.com/blogs/tag/websites/feed/index.html]
[www.Zonex.com/blogs/guide-to-seo-services-first-pages-of-google/feed/index.html]
[www.Zonex.com/blogs/wp-json/wp/v2/posts/6352.json]
[www.Zonex.com/blogs/wp-json/oembed/1.0/embed51aa.json]
[www.Zonex.com/blogs/guide-to-seo-services-first-pages-of-google/index.html]
[www.Zonex.com/blogs/author/saad/page/1/index.html]
[www.Zonex.com/blogs/author/saad/page/4/index.html]
[www.Zonex.com/blogs/wp-json/oembed/1.0/embedb7d2]
[www.Zonex.com/blogs/index519d.html]
[www.Zonex.com/blogs/tag/first-pages-of-google/index.html]
[www.Zonex.com/blogs/tag/professional-seo-services/index.html]
[www.Zonex.com/blogs/tag/best-seo-services/index.html]
[www.Zonex.com/blogs/tag/seo-services-in-karachi/index.html]
[www.Zonex.com/blogs/tag/seo-services-pakistan/index.html]
[www.Zonex.com/blogs/tag/seo-services-in-lahore/index.html]
[www.Zonex.com/blogs/wp-json/wp/v2/tags/377.json]
[www.Zonex.com/blogs/tag/business-digital-transformation/index.html]
[www.Zonex.com/blogs/tag/business-digital-transformation/feed/index.html]
[www.Zonex.com/blogs/wp-json/wp/v2/tags/378.json]
[www.Zonex.com/blogs/tag/digital-company/index.html]
[www.Zonex.com/blogs/tag/digital-company/feed/index.html]
[www.Zonex.com/blogs/wp-json/wp/v2/tags/375.json]
[www.Zonex.com/blogs/tag/digital-transformation/index.html]
[www.Zonex.com/blogs/tag/digital-transformation/feed/index.html]
[www.Zonex.com/blogs/wp-json/wp/v2/tags/380.json]
[www.Zonex.com/blogs/tag/digital-transformation-hd/index.html]
[www.Zonex.com/blogs/tag/digital-transformation-hd/feed/index.html]
[www.Zonex.com/blogs/wp-json/wp/v2/tags/381.json]
[www.Zonex.com/blogs/tag/digital-transformation-processes/index.html]
[www.Zonex.com/blogs/tag/digital-transformation-processes/feed/index.html]
[www.Zonex.com/blogs/wp-json/wp/v2/tags/379.json]
[www.Zonex.com/blogs/tag/digital-transformation-strategy/index.html]
[www.Zonex.com/blogs/tag/digital-transformation-strategy/feed/index.html]
[www.Zonex.com/blogs/wp-json/wp/v2/tags/376.json]
[www.Zonex.com/blogs/tag/what-is-digital-transformation/index.html]
[www.Zonex.com/blogs/index3bba.html]
[www.Zonex.com/blogs/tag/what-is-digital-transformation/feed/index.html]
[www.Zonex.com/blogs/wp-json/wp/v2/tags/370.json]
[www.Zonex.com/blogs/tag/android-app-development/index.html]
[www.Zonex.com/blogs/tag/android-app-development/feed/index.html]
[www.Zonex.com/blogs/wp-json/wp/v2/tags/371.json]
[www.Zonex.com/blogs/tag/android-app-development-course/index.html]
[www.Zonex.com/blogs/tag/android-app-development-course/feed/index.html]
[www.Zonex.com/blogs/wp-json/wp/v2/tags/368.json]
[www.Zonex.com/blogs/tag/app-development/index.html]
[www.Zonex.com/blogs/tag/app-development/feed/index.html]
[www.Zonex.com/blogs/wp-json/wp/v2/tags/374.json]
[www.Zonex.com/blogs/tag/app-development-software/index.html]
[www.Zonex.com/blogs/tag/app-development-software/feed/index.html]
[www.Zonex.com/blogs/wp-json/wp/v2/tags/372.json]
[www.Zonex.com/blogs/tag/application-development-trends/index.html]
[www.Zonex.com/blogs/index586e.html]
[www.Zonex.com/blogs/tag/application-development-trends/feed/index.html]
[www.Zonex.com/blogs/wp-json/wp/v2/tags/98.json]
[www.Zonex.com/blogs/tag/content-management-system/index.html]
[www.Zonex.com/blogs/tag/content-management-system/feed/index.html]
[www.Zonex.com/blogs/wp-json/wp/v2/tags/186.json]
[www.Zonex.com/blogs/tag/content-marketing-agency/index.html]
[www.Zonex.com/blogs/tag/content-marketing-agency/feed/index.html]
[www.Zonex.com/blogs/wp-json/wp/v2/tags/340.json]
[www.Zonex.com/blogs/tag/digital-branding/index.html]
[www.Zonex.com/blogs/tag/digital-branding/feed/index.html]
[www.Zonex.com/blogs/wp-json/wp/v2/tags/133.json]
[www.Zonex.com/blogs/tag/digital-marketing-strategy/index.html]
[www.Zonex.com/blogs/tag/digital-marketing-strategy/feed/index.html]
[www.Zonex.com/blogs/wp-json/wp/v2/tags/212.json]
[www.Zonex.com/blogs/tag/digital-presence/index.html]
[www.Zonex.com/blogs/index20d9.html]
[www.Zonex.com/blogs/tag/digital-presence/feed/index.html]
[www.Zonex.com/blogs/wp-json/wp/v2/tags/346.json]
[www.Zonex.com/blogs/tag/digital-branding-agency/index.html]
[www.Zonex.com/blogs/index7c22.html]
[www.Zonex.com/blogs/tag/digital-branding-agency/feed/index.html]
[www.Zonex.com/blogs/wp-json/wp/v2/tags/298.json]
[www.Zonex.com/blogs/tag/seo-content-writer/index.html]
[www.Zonex.com/blogs/tag/seo-content-writer/feed/index.html]
[www.Zonex.com/blogs/wp-json/wp/v2/tags/276.json]
[www.Zonex.com/blogs/tag/seo-services-in-islamabad/index.html]
[www.Zonex.com/blogs/tag/seo-services-in-islamabad/feed/index.html]
[www.Zonex.com/blogs/wp-json/wp/v2/tags/367.json]
[www.Zonex.com/blogs/tag/seo-writing/index.html]
[www.Zonex.com/blogs/tag/seo-writing/feed/index.html]
[www.Zonex.com/blogs/wp-json/wp/v2/tags/180.json]
[www.Zonex.com/blogs/tag/small-seo-tools/index.html]
[www.Zonex.com/blogs/tag/small-seo-tools/feed/index.html]
[www.Zonex.com/blogs/wp-json/wp/v2/tags/291.json]
[www.Zonex.com/blogs/tag/what-is-seo/index.html]
[www.Zonex.com/blogs/index11d3.html]
[www.Zonex.com/blogs/tag/what-is-seo/feed/index.html]
[www.Zonex.com/blogs/wp-json/wp/v2/tags/355.json]
[www.Zonex.com/blogs/tag/facebook-open-graph-and-twitter-cards/index.html]
[www.Zonex.com/blogs/tag/facebook-open-graph-and-twitter-cards/feed/index.html]
[www.Zonex.com/blogs/wp-json/wp/v2/tags/354.json]
[www.Zonex.com/blogs/tag/facebook-open-graph-tags/index.html]
[www.Zonex.com/blogs/tag/facebook-open-graph-tags/feed/index.html]
[www.Zonex.com/blogs/wp-json/wp/v2/tags/359.json]
[www.Zonex.com/blogs/tag/how-to-add-meta-tags-in-wordpress/index.html]
[www.Zonex.com/blogs/tag/how-to-add-meta-tags-in-wordpress/feed/index.html]
[www.Zonex.com/blogs/wp-json/wp/v2/tags/358.json]
[www.Zonex.com/blogs/tag/meta-tags-for-seo/index.html]
[www.Zonex.com/blogs/tag/meta-tags-for-seo/feed/index.html]
[www.Zonex.com/blogs/wp-json/wp/v2/tags/357.json]
[www.Zonex.com/blogs/tag/meta-tags-for-social-networks/index.html]
[www.Zonex.com/blogs/tag/meta-tags-for-social-networks/feed/index.html]
[www.Zonex.com/blogs/wp-json/wp/v2/tags/356.json]
[www.Zonex.com/blogs/tag/twitter-cards/index.html]
[www.Zonex.com/blogs/indexa251.html]
[www.Zonex.com/blogs/tag/twitter-cards/feed/index.html]
[www.Zonex.com/blogs/wp-json/wp/v2/tags/349.json]
[www.Zonex.com/blogs/tag/branded-keywords/index.html]
[www.Zonex.com/blogs/tag/branded-keywords/feed/index.html]
[www.Zonex.com/blogs/wp-json/wp/v2/tags/353.json]
[www.Zonex.com/blogs/tag/google-keyword/index.html]
[www.Zonex.com/blogs/tag/google-keyword/feed/index.html]
[www.Zonex.com/blogs/wp-json/wp/v2/tags/348.json]
[www.Zonex.com/blogs/tag/google-keyword-planner/index.html]
[www.Zonex.com/blogs/tag/google-keyword-planner/feed/index.html]
[www.Zonex.com/blogs/wp-json/wp/v2/tags/326.json]
[www.Zonex.com/blogs/tag/keyword/index.html]
[www.Zonex.com/blogs/tag/keyword/feed/index.html]
[www.Zonex.com/blogs/wp-json/wp/v2/tags/351.json]
[www.Zonex.com/blogs/tag/keyword-everywhere/index.html]
[www.Zonex.com/blogs/tag/keyword-everywhere/feed/index.html]
[www.Zonex.com/blogs/tag/keyword-finder/feed/index.html]
[www.Zonex.com/blogs/tag/keyword-finder/index.html]
[www.Zonex.com/blogs/wp-json/wp/v2/tags/352.json]
[www.Zonex.com/blogs/wp-json/wp/v2/tags/347.json]
[www.Zonex.com/blogs/tag/keyword-planner/index.html]
[www.Zonex.com/blogs/tag/keyword-planner/feed/index.html]
[www.Zonex.com/blogs/wp-json/wp/v2/tags/350.json]
[www.Zonex.com/blogs/tag/keyword-research/index.html]
[www.Zonex.com/blogs/index4b0b.html]
[www.Zonex.com/blogs/tag/keyword-research/feed/index.html]
[www.Zonex.com/blogs/wp-json/wp/v2/tags/341.json]
[www.Zonex.com/blogs/tag/digital-branding-company/index.html]
[www.Zonex.com/blogs/tag/digital-branding-company/feed/index.html]
[www.Zonex.com/blogs/wp-json/wp/v2/tags/345.json]
[www.Zonex.com/blogs/tag/digital-branding-definition/index.html]
[www.Zonex.com/blogs/tag/digital-branding-definition/feed/index.html]
[www.Zonex.com/blogs/wp-json/wp/v2/tags/343.json]
[www.Zonex.com/blogs/tag/digital-branding-icon/index.html]
[www.Zonex.com/blogs/tag/digital-branding-icon/feed/index.html]
[www.Zonex.com/blogs/tag/digital-branding-icon-png/index.html]
[www.Zonex.com/blogs/wp-json/wp/v2/tags/344.json]
[www.Zonex.com/blogs/tag/digital-branding-icon-png/feed/index.html]
[www.Zonex.com/blogs/tag/what-is-digital-branding/feed/index.html]
[www.Zonex.com/blogs/tag/what-is-digital-branding/index.html]
[www.Zonex.com/blogs/index5aa1.html]
[www.Zonex.com/blogs/wp-json/wp/v2/tags/342.json]
[www.Zonex.com/blogs/wp-json/wp/v2/tags/239.json]
[www.Zonex.com/blogs/tag/affiliate-marketing/index.html]
[www.Zonex.com/blogs/tag/affiliate-marketing/feed/index.html]
[www.Zonex.com/blogs/wp-json/wp/v2/tags/322.json]
[www.Zonex.com/blogs/tag/competition/index.html]
[www.Zonex.com/blogs/tag/competition/feed/index.html]
[www.Zonex.com/blogs/tag/quiz-competition/index.html]
[www.Zonex.com/blogs/indexbb55.html]
[www.Zonex.com/blogs/wp-json/wp/v2/tags/323.json]
[www.Zonex.com/blogs/tag/quiz-competition/feed/index.html]
[www.Zonex.com/blogs/wp-json/wp/v2/tags/320.json]
[www.Zonex.com/blogs/tag/neil-patel-seo/index.html]
[www.Zonex.com/blogs/tag/neil-patel-seo/feed/index.html]
[www.Zonex.com/blogs/wp-json/wp/v2/tags/321.json]
[www.Zonex.com/blogs/tag/seo-company/index.html]
[www.Zonex.com/blogs/tag/seo-company/feed/index.html]
[www.Zonex.com/blogs/wp-json/wp/v2/tags/318.json]
[www.Zonex.com/blogs/tag/youtube-seo/index.html]
[www.Zonex.com/blogs/tag/youtube-seo/feed/index.html]
[www.Zonex.com/blogs/wp-json/wp/v2/posts/6293.json]
[www.Zonex.com/blogs/google-bert-new-update/feed/index.html]
[www.Zonex.com/blogs/wp-json/oembed/1.0/embedda8b.json]
[www.Zonex.com/blogs/google-bert-new-update/index.html]
[www.Zonex.com/blogs/author/saad/page/5/index.html]
[www.Zonex.com/blogs/wp-json/oembed/1.0/embed5dbb]
[www.Zonex.com/blogs/author/saad/page/6/index.html]
[www.Zonex.com/blogs/tag/seo/page/1/index.html]
[www.Zonex.com/blogs/tag/internet-searches/index.html]
[www.Zonex.com/blogs/wp-content/cache/autoptimize/css/autoptimize_4fd9fc3675e510d0de334f3d1eda0c58.css]
[www.Zonex.com/blogs/index8797.html]
[www.Zonex.com/blogs/category/search-engine-optimization/page/1/index.html]
[www.Zonex.com/blogs/index9134.html]
[www.Zonex.com/blogs/tag/algorithm/index.html]
[www.Zonex.com/blogs/tag/google-bert/index.html]
[www.Zonex.com/blogs/wp-json/wp/v2/tags/394.json]
[www.Zonex.com/blogs/tag/off-page-seo/index.html]
[www.Zonex.com/blogs/tag/new-update/index.html]
[www.Zonex.com/blogs/tag/off-page-seo/feed/index.html]
[www.Zonex.com/blogs/wp-json/wp/v2/tags/300.json]
[www.Zonex.com/blogs/tag/on-page-seo/index.html]
[www.Zonex.com/blogs/best-online-video-editor/index.html]
[www.Zonex.com/blogs/tag/digital-marketing/page/2/index.html]
[www.Zonex.com/blogs/indexd80b.html]
[www.Zonex.com/blogs/index4dd8.html]
[www.Zonex.com/blogs/indexda41.html]
[www.Zonex.com/blogs/tag/on-page-seo/feed/index.html]
[www.Zonex.com/blogs/wp-json/wp/v2/tags/396.json]
[www.Zonex.com/blogs/tag/top-mobile-app-development-companies/index.html]
[www.Zonex.com/blogs/tag/top-mobile-app-development-companies/feed/index.html]
[www.Zonex.com/blogs/wp-json/wp/v2/posts/6228.json]
[www.Zonex.com/blogs/application-native-vs-web-app/feed/index.html]
[www.Zonex.com/blogs/wp-json/oembed/1.0/embedb71e.json]
[www.Zonex.com/blogs/wp-json/oembed/1.0/embed7257]
[www.Zonex.com/blogs/wp-content/uploads/2020/10/new-web-appsss-1024x415.jpg]
[www.Zonex.com/blogs/application-native-vs-web-app/index.html]
[www.Zonex.com/blogs/category/mobile-apps-development/page/1/index.html]
[www.Zonex.com/blogs/index67b9.html]
[www.Zonex.com/blogs/index8db9.html]
[www.Zonex.com/blogs/tag/native-web-app/index.html]
[www.Zonex.com/blogs/tag/difference-between-native-and-hybrid-app/index.html]
[www.Zonex.com/blogs/tag/native-and-hybrid-app-difference/index.html]
[www.Zonex.com/blogs/tag/native-app/index.html]
[www.Zonex.com/blogs/index86d7.html]
[www.Zonex.com/blogs/indexf1a6.html]
[www.Zonex.com/blogs/tag/react-native-firebase/index.html]
[www.Zonex.com/blogs/wp-json/wp/v2/tags/151.json]
[www.Zonex.com/blogs/tag/advantages/index.html]
[www.Zonex.com/blogs/tag/advantages/feed/index.html]
[www.Zonex.com/blogs/wp-json/wp/v2/tags/154.json]
[www.Zonex.com/blogs/tag/android-system/index.html]
[www.Zonex.com/blogs/tag/android-system/feed/index.html]
[www.Zonex.com/blogs/wp-json/wp/v2/tags/153.json]
[www.Zonex.com/blogs/tag/apple-technology/index.html]
[www.Zonex.com/blogs/tag/apple-technology/feed/index.html]
[www.Zonex.com/blogs/wp-json/wp/v2/tags/155.json]
[www.Zonex.com/blogs/tag/ios-applications/index.html]
[www.Zonex.com/blogs/tag/ios-applications/feed/index.html]
[www.Zonex.com/blogs/wp-json/wp/v2/tags/152.json]
[www.Zonex.com/blogs/tag/ios-over-android/index.html]
[www.Zonex.com/blogs/indexd956.html]
[www.Zonex.com/blogs/tag/ios-over-android/feed/index.html]
[www.Zonex.com/blogs/wp-json/wp/v2/tags/146.json]
[www.Zonex.com/blogs/tag/best-wordpress-hosting/index.html]
[www.Zonex.com/blogs/tag/best-wordpress-hosting/feed/index.html]
[www.Zonex.com/blogs/wp-json/wp/v2/tags/141.json]
[www.Zonex.com/blogs/tag/free-hosting/index.html]
[www.Zonex.com/blogs/tag/free-hosting/feed/index.html]
[www.Zonex.com/blogs/wp-json/wp/v2/tags/143.json]
[www.Zonex.com/blogs/tag/godaddy-website/index.html]
[www.Zonex.com/blogs/tag/godaddy-website/feed/index.html]
[www.Zonex.com/blogs/wp-json/wp/v2/tags/145.json]
[www.Zonex.com/blogs/tag/profreehost/index.html]
[www.Zonex.com/blogs/tag/profreehost/feed/index.html]
[www.Zonex.com/blogs/wp-json/wp/v2/tags/142.json]
[www.Zonex.com/blogs/tag/web-hosting/index.html]
[www.Zonex.com/blogs/tag/web-hosting/feed/index.html]
[www.Zonex.com/blogs/wp-json/wp/v2/tags/144.json]
[www.Zonex.com/blogs/tag/webhost000/index.html]
[www.Zonex.com/blogs/indexbfaa.html]
[www.Zonex.com/blogs/tag/webhost000/feed/index.html]
[www.Zonex.com/blogs/wp-json/wp/v2/tags/73.json]
[www.Zonex.com/blogs/tag/examples/index.html]
[www.Zonex.com/blogs/tag/examples/feed/index.html]
[www.Zonex.com/blogs/wp-json/wp/v2/tags/70.json]
[www.Zonex.com/blogs/tag/landing-pages/index.html]
[www.Zonex.com/blogs/index2dc2.html]
[www.Zonex.com/blogs/index2e88.html]
[www.Zonex.com/blogs/index2956.html]
[www.Zonex.com/blogs/index11c6.html]
[www.Zonex.com/blogs/index9ce7.html]
[www.Zonex.com/blogs/tag/landing-pages/feed/index.html]
[www.Zonex.com/blogs/wp-json/wp/v2/tags/428.json]
[www.Zonex.com/blogs/tag/discussion/index.html]
[www.Zonex.com/blogs/tag/discussion/feed/index.html]
[www.Zonex.com/blogs/wp-json/wp/v2/tags/429.json]
[www.Zonex.com/blogs/tag/forum/index.html]
[www.Zonex.com/blogs/wp-json/wp/v2/tags/430.json]
[www.Zonex.com/blogs/tag/web-3-0/index.html]
[www.Zonex.com/blogs/indexc996.html]
[www.Zonex.com/blogs/index20d7.html]
[www.Zonex.com/blogs/tag/forum/feed/index.html]
[www.Zonex.com/blogs/wp-json/wp/v2/tags/288.json]
[www.Zonex.com/blogs/tag/web-development-courses/index.html]
[www.Zonex.com/blogs/tag/web-development-courses/feed/index.html]
[www.Zonex.com/blogs/tag/web-3-0/feed/index.html]
[www.Zonex.com/blogs/wp-json/wp/v2/tags/289.json]
[www.Zonex.com/blogs/tag/web-development-icon/index.html]
[www.Zonex.com/blogs/tag/web-development-icon/feed/index.html]
[www.Zonex.com/blogs/wp-json/wp/v2/tags/290.json]
[www.Zonex.com/blogs/tag/web-development-images/index.html]
[www.Zonex.com/blogs/tag/web-development-images/feed/index.html]
[www.Zonex.com/blogs/wp-json/wp/v2/tags/281.json]
[www.Zonex.com/blogs/tag/website-development/index.html]
[www.Zonex.com/blogs/tag/website-development/feed/index.html]
[www.Zonex.com/blogs/wp-json/wp/v2/tags/286.json]
[www.Zonex.com/blogs/tag/website-development-banner/index.html]
[www.Zonex.com/blogs/tag/website-development-banner/feed/index.html]
[www.Zonex.com/blogs/wp-json/wp/v2/tags/285.json]
[www.Zonex.com/blogs/tag/website-development-in-lahore/index.html]
[www.Zonex.com/blogs/tag/website-development-in-lahore/feed/index.html]
[www.Zonex.com/blogs/wp-json/wp/v2/tags/283.json]
[www.Zonex.com/blogs/tag/website-development-proposal/index.html]
[www.Zonex.com/blogs/tag/website-development-proposal/feed/index.html]
[www.Zonex.com/blogs/wp-json/wp/v2/tags/284.json]
[www.Zonex.com/blogs/tag/website-development-services/index.html]
[www.Zonex.com/blogs/tag/website-development-services/feed/index.html]
[www.Zonex.com/blogs/wp-json/wp/v2/tags/287.json]
[www.Zonex.com/blogs/tag/website-development-tools/index.html]
[www.Zonex.com/blogs/index4b13.html]
[www.Zonex.com/blogs/tag/website-development-tools/feed/index.html]
[www.Zonex.com/blogs/wp-json/wp/v2/tags/231.json]
[www.Zonex.com/blogs/tag/bert/index.html]
[www.Zonex.com/blogs/tag/bert/feed/index.html]
[www.Zonex.com/blogs/wp-json/wp/v2/tags/225.json]
[www.Zonex.com/blogs/tag/google-algorithm/index.html]
[www.Zonex.com/blogs/tag/google-algorithm/feed/index.html]
[www.Zonex.com/blogs/wp-json/wp/v2/tags/226.json]
[www.Zonex.com/blogs/tag/google-algorithm-update/index.html]
[www.Zonex.com/blogs/tag/google-algorithm-update/feed/index.html]
[www.Zonex.com/blogs/wp-json/wp/v2/tags/227.json]
[www.Zonex.com/blogs/tag/google-classroom/index.html]
[www.Zonex.com/blogs/tag/google-maps/index.html]
[www.Zonex.com/blogs/wp-json/wp/v2/tags/229.json]
[www.Zonex.com/blogs/tag/google-maps/feed/index.html]
[www.Zonex.com/blogs/tag/google-scholar/feed/index.html]
[www.Zonex.com/blogs/tag/google-classroom/feed/index.html]
[www.Zonex.com/blogs/tag/google-scholar/index.html]
[www.Zonex.com/blogs/wp-json/wp/v2/tags/228.json]
[www.Zonex.com/blogs/wp-json/wp/v2/tags/230.json]
[www.Zonex.com/blogs/tag/google-translator/index.html]
[www.Zonex.com/blogs/index7633.html]
[www.Zonex.com/blogs/tag/google-translator/feed/index.html]
[www.Zonex.com/blogs/wp-json/wp/v2/tags/214.json]
[www.Zonex.com/blogs/tag/conversion-opportunities/index.html]
[www.Zonex.com/blogs/tag/conversion-opportunities/feed/index.html]
[www.Zonex.com/blogs/wp-json/wp/v2/tags/213.json]
[www.Zonex.com/blogs/tag/web-maintenance/index.html]
[www.Zonex.com/blogs/tag/web-maintenance/feed/index.html]
[www.Zonex.com/blogs/wp-json/wp/v2/tags/215.json]
[www.Zonex.com/blogs/tag/web-maintenance-services/index.html]
[www.Zonex.com/blogs/tag/web-maintenance-services/feed/index.html]
[www.Zonex.com/blogs/wp-json/wp/v2/tags/211.json]
[www.Zonex.com/blogs/tag/website-maintenance/index.html]
[www.Zonex.com/blogs/index9b71.html]
[www.Zonex.com/blogs/tag/website-maintenance/feed/index.html]
[www.Zonex.com/blogs/wp-json/wp/v2/tags/199.json]
[www.Zonex.com/blogs/tag/customer-relationship-management/index.html]
[www.Zonex.com/blogs/index8fe7.html]
[www.Zonex.com/blogs/tag/customer-relationship-management/feed/index.html]
[www.Zonex.com/blogs/wp-json/wp/v2/tags/62.json]
[www.Zonex.com/blogs/tag/company/index.html]
[www.Zonex.com/blogs/tag/company/feed/index.html]
[www.Zonex.com/blogs/wp-json/wp/v2/tags/100.json]
[www.Zonex.com/blogs/tag/individual/index.html]
[www.Zonex.com/blogs/tag/individual/feed/index.html]
[www.Zonex.com/blogs/wp-json/wp/v2/tags/102.json]
[www.Zonex.com/blogs/tag/individual-website/index.html]
[www.Zonex.com/blogs/tag/individual-website/feed/index.html]
[www.Zonex.com/blogs/wp-json/wp/v2/tags/99.json]
[www.Zonex.com/blogs/tag/suits-your-company/index.html]
[www.Zonex.com/blogs/tag/suits-your-company/feed/index.html]
[www.Zonex.com/blogs/wp-json/wp/v2/tags/101.json]
[www.Zonex.com/blogs/tag/website-or-template/index.html]
[www.Zonex.com/blogs/index3962.html]
[www.Zonex.com/blogs/tag/website-or-template/feed/index.html]
[www.Zonex.com/blogs/wp-json/wp/v2/tags/95.json]
[www.Zonex.com/blogs/tag/cms/index.html]
[www.Zonex.com/blogs/tag/cms/feed/index.html]
[www.Zonex.com/blogs/wp-json/wp/v2/tags/96.json]
[www.Zonex.com/blogs/tag/how-to-choose/index.html]
[www.Zonex.com/blogs/index0ccd.html]
[www.Zonex.com/blogs/indexb066.html]
[www.Zonex.com/blogs/tag/how-to-choose/feed/index.html]
[www.Zonex.com/blogs/wp-json/wp/v2/tags/434.json]
[www.Zonex.com/blogs/tag/quality/index.html]
[www.Zonex.com/blogs/remote-working-most-useful-tools-for-your-business/Trident/index.html]
[www.Zonex.com/blogs/remote-working-most-useful-tools-for-your-business/Edge/index.html]
[www.Zonex.com/blogs/category/organization/remote-work/Trident/index.html]
[www.Zonex.com/blogs/category/organization/remote-work/Edge/index.html]
[www.Zonex.com/blogs/index6e3b.html]
[www.Zonex.com/blogs/tag/quality/feed/index.html]
[www.Zonex.com/blogs/wp-json/wp/v2/tags/47.json]
[www.Zonex.com/blogs/tag/developments/index.html]
[www.Zonex.com/blogs/index4780.html]
[www.Zonex.com/blogs/tag/developments/feed/index.html]
[www.Zonex.com/blogs/wp-json/wp/v2/tags/170.json]
[www.Zonex.com/blogs/tag/it-managed-service/index.html]
[www.Zonex.com/blogs/tag/it-managed-service/feed/index.html]
[www.Zonex.com/blogs/wp-json/wp/v2/tags/171.json]
[www.Zonex.com/blogs/tag/it-solution-companies/index.html]
[www.Zonex.com/blogs/tag/it-solution-companies/feed/index.html]
[www.Zonex.com/blogs/wp-json/wp/v2/tags/168.json]
[www.Zonex.com/blogs/tag/it-solution-provider/index.html]
[www.Zonex.com/blogs/tag/it-solution-provider/feed/index.html]
[www.Zonex.com/blogs/wp-json/wp/v2/tags/172.json]
[www.Zonex.com/blogs/tag/it-solution-provider-company/index.html]
[www.Zonex.com/blogs/tag/it-solution-provider-company/feed/index.html]
[www.Zonex.com/blogs/wp-json/wp/v2/tags/169.json]
[www.Zonex.com/blogs/tag/it-support-companies/index.html]
[www.Zonex.com/blogs/index848b.html]
[www.Zonex.com/blogs/tag/it-support-companies/feed/index.html]
[www.Zonex.com/blogs/wp-json/wp/v2/tags/139.json]
[www.Zonex.com/blogs/tag/gmail-account/index.html]
[www.Zonex.com/blogs/tag/gmail-account/feed/index.html]
[www.Zonex.com/blogs/wp-json/wp/v2/tags/136.json]
[www.Zonex.com/blogs/tag/gmail-login/index.html]
[www.Zonex.com/blogs/tag/gmail-login/feed/index.html]
[www.Zonex.com/blogs/wp-json/wp/v2/tags/137.json]
[www.Zonex.com/blogs/tag/gmail-login-mail/index.html]
[www.Zonex.com/blogs/tag/gmail-login-mail/feed/index.html]
[www.Zonex.com/blogs/wp-json/wp/v2/tags/135.json]
[www.Zonex.com/blogs/tag/gmail-sign-in/index.html]
[www.Zonex.com/blogs/tag/gmail-sign-in/feed/index.html]
[www.Zonex.com/blogs/wp-json/wp/v2/tags/138.json]
[www.Zonex.com/blogs/tag/gmail-sign-up/index.html]
[www.Zonex.com/blogs/tag/gmail-sign-up/feed/index.html]
[www.Zonex.com/blogs/wp-json/wp/v2/tags/134.json]
[www.Zonex.com/blogs/tag/reset-gmail/index.html]
[www.Zonex.com/blogs/index0d2a.html]
[www.Zonex.com/blogs/tag/reset-gmail/feed/index.html]
[www.Zonex.com/blogs/wp-json/wp/v2/tags/60.json]
[www.Zonex.com/blogs/tag/islamabad/index.html]
[www.Zonex.com/blogs/indexed0b.html]
[www.Zonex.com/blogs/tag/islamabad/feed/index.html]
[www.Zonex.com/blogs/wp-json/wp/v2/tags/57.json]
[www.Zonex.com/blogs/tag/house/index.html]
[www.Zonex.com/blogs/index31e7.html]
[www.Zonex.com/blogs/tag/house/feed/index.html]
[www.Zonex.com/blogs/wp-json/wp/v2/tags/58.json]
[www.Zonex.com/blogs/tag/jobs/index.html]
[www.Zonex.com/blogs/category/software-house/page/1/index.html]
[www.Zonex.com/blogs/index4271.html]
[www.Zonex.com/blogs/tag/jobs/feed/index.html]
[www.Zonex.com/blogs/wp-json/wp/v2/tags/256.json]
[www.Zonex.com/blogs/tag/agile-software-development/index.html]
[www.Zonex.com/blogs/tag/agile-software-development/feed/index.html]
[www.Zonex.com/blogs/wp-json/wp/v2/tags/259.json]
[www.Zonex.com/blogs/tag/global-software-development/index.html]
[www.Zonex.com/blogs/tag/global-software-development/feed/index.html]
[www.Zonex.com/blogs/wp-json/wp/v2/tags/260.json]
[www.Zonex.com/blogs/tag/software-developer/index.html]
[www.Zonex.com/blogs/tag/software-developer/feed/index.html]
[www.Zonex.com/blogs/wp-json/wp/v2/tags/262.json]
[www.Zonex.com/blogs/tag/software-developer-jobs/index.html]
[www.Zonex.com/blogs/tag/software-developer-jobs/feed/index.html]
[www.Zonex.com/blogs/wp-json/wp/v2/tags/261.json]
[www.Zonex.com/blogs/tag/software-developer-jobs-in-karachi/index.html]
[www.Zonex.com/blogs/tag/software-developer-jobs-in-karachi/feed/index.html]
[www.Zonex.com/blogs/wp-json/wp/v2/tags/254.json]
[www.Zonex.com/blogs/tag/software-development/index.html]
[www.Zonex.com/blogs/tag/software-development/feed/index.html]
[www.Zonex.com/blogs/wp-json/wp/v2/tags/255.json]
[www.Zonex.com/blogs/tag/software-development-life-cycle/index.html]
[www.Zonex.com/blogs/tag/software-development-life-cycle/feed/index.html]
[www.Zonex.com/blogs/wp-json/wp/v2/tags/258.json]
[www.Zonex.com/blogs/tag/software-development-logo/index.html]
[www.Zonex.com/blogs/indexc75b.html]
[www.Zonex.com/blogs/tag/software-development-logo/feed/index.html]
[www.Zonex.com/blogs/wp-json/wp/v2/tags/248.json]
[www.Zonex.com/blogs/tag/it-service/index.html]
[www.Zonex.com/blogs/tag/it-service/feed/index.html]
[www.Zonex.com/blogs/wp-json/wp/v2/tags/251.json]
[www.Zonex.com/blogs/tag/it-service-company/index.html]
[www.Zonex.com/blogs/tag/it-service-company/feed/index.html]
[www.Zonex.com/blogs/wp-json/wp/v2/tags/252.json]
[www.Zonex.com/blogs/tag/it-service-delivery/index.html]
[www.Zonex.com/blogs/tag/it-service-delivery/feed/index.html]
[www.Zonex.com/blogs/wp-json/wp/v2/tags/249.json]
[www.Zonex.com/blogs/tag/it-service-logo/index.html]
[www.Zonex.com/blogs/tag/it-service-logo/feed/index.html]
[www.Zonex.com/blogs/wp-json/wp/v2/tags/247.json]
[www.Zonex.com/blogs/tag/it-service-management/index.html]
[www.Zonex.com/blogs/tag/it-service-management/feed/index.html]
[www.Zonex.com/blogs/wp-json/wp/v2/tags/250.json]
[www.Zonex.com/blogs/tag/it-service-provider/index.html]
[www.Zonex.com/blogs/tag/it-service-provider/feed/index.html]
[www.Zonex.com/blogs/wp-json/wp/v2/tags/253.json]
[www.Zonex.com/blogs/tag/it-service-providers/index.html]
[www.Zonex.com/blogs/index64bf.html]
[www.Zonex.com/blogs/tag/it-service-providers/feed/index.html]
[www.Zonex.com/blogs/wp-json/wp/v2/tags/235.json]
[www.Zonex.com/blogs/tag/quality-software/index.html]
[www.Zonex.com/blogs/tag/quality-software/feed/index.html]
[www.Zonex.com/blogs/wp-json/wp/v2/tags/232.json]
[www.Zonex.com/blogs/tag/software-company-in-lahore/index.html]
[www.Zonex.com/blogs/tag/software-company-in-lahore/feed/index.html]
[www.Zonex.com/blogs/wp-json/wp/v2/tags/234.json]
[www.Zonex.com/blogs/tag/software-company-logo/index.html]
[www.Zonex.com/blogs/tag/software-company-logo/feed/index.html]
[www.Zonex.com/blogs/wp-json/wp/v2/tags/233.json]
[www.Zonex.com/blogs/tag/wordpress-theme-for-software-company/index.html]
[www.Zonex.com/blogs/index204c.html]
[www.Zonex.com/blogs/tag/wordpress-theme-for-software-company/feed/index.html]
[www.Zonex.com/blogs/wp-json/wp/v2/tags/223.json]
[www.Zonex.com/blogs/tag/best-software-house/index.html]
[www.Zonex.com/blogs/tag/best-software-house/feed/index.html]
[www.Zonex.com/blogs/wp-json/wp/v2/tags/220.json]
[www.Zonex.com/blogs/tag/computer-software/index.html]
[www.Zonex.com/blogs/tag/computer-software/feed/index.html]
[www.Zonex.com/blogs/wp-json/wp/v2/tags/217.json]
[www.Zonex.com/blogs/tag/data-recovery-software/index.html]
[www.Zonex.com/blogs/tag/data-recovery-software/feed/index.html]
[www.Zonex.com/blogs/tag/pc-software/index.html]
[www.Zonex.com/blogs/wp-json/wp/v2/tags/222.json]
[www.Zonex.com/blogs/tag/pc-software/feed/index.html]
[www.Zonex.com/blogs/tag/software-download/index.html]
[www.Zonex.com/blogs/wp-json/wp/v2/tags/219.json]
[www.Zonex.com/blogs/tag/software-download/feed/index.html]
[www.Zonex.com/blogs/wp-json/wp/v2/tags/218.json]
[www.Zonex.com/blogs/tag/software-engineering/index.html]
[www.Zonex.com/blogs/tag/software-engineering/feed/index.html]
[www.Zonex.com/blogs/wp-json/wp/v2/tags/224.json]
[www.Zonex.com/blogs/tag/software-house-website/index.html]
[www.Zonex.com/blogs/tag/software-house-website/feed/index.html]
[www.Zonex.com/blogs/wp-json/wp/v2/tags/221.json]
[www.Zonex.com/blogs/tag/system-software/index.html]
[www.Zonex.com/blogs/tag/system-software/feed/index.html]
[www.Zonex.com/blogs/wp-json/wp/v2/tags/191.json]
[www.Zonex.com/blogs/tag/top-software-house/index.html]
[www.Zonex.com/blogs/index4a53.html]
[www.Zonex.com/blogs/tag/top-software-house/feed/index.html]
[www.Zonex.com/blogs/wp-json/wp/v2/tags/190.json]
[www.Zonex.com/blogs/tag/software-developers-company/index.html]
[www.Zonex.com/blogs/index978d.html]
[www.Zonex.com/blogs/index8d37.html]
[www.Zonex.com/blogs/tag/software-developers-company/feed/index.html]
[www.Zonex.com/blogs/tag/digital-marketing-agency/feed/index.html]
[www.Zonex.com/blogs/tag/digital-marketing-agency/index.html]
[www.Zonex.com/blogs/wp-json/wp/v2/tags/124.json]
[www.Zonex.com/blogs/wp-json/wp/v2/tags/127.json]
[www.Zonex.com/blogs/tag/marketing-agency/index.html]
[www.Zonex.com/blogs/indexfd4d.html]
[www.Zonex.com/blogs/tag/marketing-agency/feed/index.html]
[www.Zonex.com/blogs/wp-json/wp/v2/tags/130.json]
[www.Zonex.com/blogs/tag/digital-marketing-pakistan/index.html]
[www.Zonex.com/blogs/tag/digital-marketing-pakistan/feed/index.html]
[www.Zonex.com/blogs/wp-json/wp/v2/tags/132.json]
[www.Zonex.com/blogs/tag/digital-marketing-service-in-pakistan/index.html]
[www.Zonex.com/blogs/tag/digital-marketing-service-in-pakistan/feed/index.html]
[www.Zonex.com/blogs/wp-json/wp/v2/tags/131.json]
[www.Zonex.com/blogs/tag/digital-marketing-services-in-pakistan/index.html]
[www.Zonex.com/blogs/index08b5.html]
[www.Zonex.com/blogs/tag/digital-marketing-services-in-pakistan/feed/index.html]
[www.Zonex.com/blogs/tag/online-marketing/index.html]
[www.Zonex.com/blogs/index0fd6.html]
[www.Zonex.com/blogs/wp-json/wp/v2/tags/125.json]
[www.Zonex.com/blogs/tag/online-marketing/feed/index.html]
[www.Zonex.com/blogs/wp-json/wp/v2/tags/120.json]
[www.Zonex.com/blogs/tag/digital-marketing-2/index.html]
[www.Zonex.com/blogs/tag/digital-marketing-2/feed/index.html]
[www.Zonex.com/blogs/wp-json/wp/v2/tags/122.json]
[www.Zonex.com/blogs/tag/e-marketing/index.html]
[www.Zonex.com/blogs/tag/e-marketing/feed/index.html]
[www.Zonex.com/blogs/wp-json/wp/v2/tags/123.json]
[www.Zonex.com/blogs/tag/web-marketing/index.html]
[www.Zonex.com/blogs/indexc6d6.html]
[www.Zonex.com/blogs/tag/web-marketing/feed/index.html]
[www.Zonex.com/blogs/wp-json/wp/v2/tags/118.json]
[www.Zonex.com/blogs/tag/plugin-for-wordpress/index.html]
[www.Zonex.com/blogs/tag/plugin-for-wordpress/feed/index.html]
[www.Zonex.com/blogs/wp-json/wp/v2/tags/119.json]
[www.Zonex.com/blogs/tag/software-house-in-lahore/index.html]
[www.Zonex.com/blogs/tag/software-house-in-lahore/feed/index.html]
[www.Zonex.com/blogs/wp-json/wp/v2/tags/116.json]
[www.Zonex.com/blogs/tag/top-5-seo-plugin/index.html]
[www.Zonex.com/blogs/tag/top-5-seo-plugin/feed/index.html]
[www.Zonex.com/blogs/wp-json/wp/v2/tags/117.json]
[www.Zonex.com/blogs/tag/top-seo-plugin/index.html]
[www.Zonex.com/blogs/index43f5.html]
[www.Zonex.com/blogs/tag/top-seo-plugin/feed/index.html]
[www.Zonex.com/blogs/wp-json/wp/v2/tags/114.json]
[www.Zonex.com/blogs/tag/serp/index.html]
[www.Zonex.com/blogs/tag/serp/feed/index.html]
[www.Zonex.com/blogs/wp-json/wp/v2/tags/113.json]
[www.Zonex.com/blogs/tag/beginners-guide-2/index.html]
[www.Zonex.com/blogs/tag/beginners-guide-2/feed/index.html]
[www.Zonex.com/blogs/wp-json/wp/v2/tags/109.json]
[www.Zonex.com/blogs/tag/google-search-console/index.html]
[www.Zonex.com/blogs/tag/google-search-console/feed/index.html]
[www.Zonex.com/blogs/wp-json/wp/v2/tags/115.json]
[www.Zonex.com/blogs/tag/search-engines/index.html]
[www.Zonex.com/blogs/tag/search-engines/feed/index.html]
[www.Zonex.com/blogs/wp-json/wp/v2/tags/110.json]
[www.Zonex.com/blogs/tag/webmaster-tools/index.html]
[www.Zonex.com/blogs/index7210.html]
[www.Zonex.com/blogs/tag/webmaster-tools/feed/index.html]
[www.Zonex.com/blogs/wp-json/wp/v2/tags/106.json]
[www.Zonex.com/blogs/tag/application-development/index.html]
[www.Zonex.com/blogs/tag/application-development/feed/index.html]
[www.Zonex.com/blogs/wp-json/wp/v2/tags/108.json]
[www.Zonex.com/blogs/tag/native-mobile-apps/index.html]
[www.Zonex.com/blogs/tag/native-mobile-apps/feed/index.html]
[www.Zonex.com/blogs/wp-json/wp/v2/tags/103.json]
[www.Zonex.com/blogs/tag/react-native/index.html]
[www.Zonex.com/blogs/tag/speed-​​and-versatility/index.html]
[www.Zonex.com/blogs/indexb82c.html]
[www.Zonex.com/blogs/indexe7a1.html]
[www.Zonex.com/blogs/index37e9.html]
[www.Zonex.com/blogs/tag/react-native/feed/index.html]
[www.Zonex.com/blogs/tag/seo-content-machine/feed/index.html]
[www.Zonex.com/blogs/wp-json/wp/v2/tags/299.json]
[www.Zonex.com/blogs/tag/seo-content-machine/index.html]
[www.Zonex.com/blogs/wp-json/wp/v2/tags/297.json]
[www.Zonex.com/blogs/tag/seo-content-writing/index.html]
[www.Zonex.com/blogs/tag/seo-content-writing/feed/index.html]
[www.Zonex.com/blogs/wp-json/wp/v2/tags/295.json]
[www.Zonex.com/blogs/tag/seo-copywriting/index.html]
[www.Zonex.com/blogs/tag/seo-copywriting/feed/index.html]
[www.Zonex.com/blogs/wp-json/wp/v2/tags/296.json]
[www.Zonex.com/blogs/tag/seo-copywriting-services/index.html]
[www.Zonex.com/blogs/tag/seo-copywriting-services/feed/index.html]
[www.Zonex.com/blogs/wp-json/wp/v2/tags/301.json]
[www.Zonex.com/blogs/tag/seo-meaning/index.html]
[www.Zonex.com/blogs/index7311.html]
[www.Zonex.com/blogs/tag/seo-meaning/feed/index.html]
[www.Zonex.com/blogs/wp-json/wp/v2/tags/312.json]
[www.Zonex.com/blogs/tag/apm/index.html]
[www.Zonex.com/blogs/tag/apm/feed/index.html]
[www.Zonex.com/blogs/wp-json/wp/v2/tags/315.json]
[www.Zonex.com/blogs/tag/cpa/index.html]
[www.Zonex.com/blogs/tag/cpa/feed/index.html]
[www.Zonex.com/blogs/tag/cpa-stands-for/feed/index.html]
[www.Zonex.com/blogs/tag/cpa-stands-for/index.html]
[www.Zonex.com/blogs/wp-json/wp/v2/tags/317.json]
[www.Zonex.com/blogs/wp-json/wp/v2/tags/307.json]
[www.Zonex.com/blogs/tag/cpc/index.html]
[www.Zonex.com/blogs/tag/cpc/feed/index.html]
[www.Zonex.com/blogs/wp-json/wp/v2/tags/310.json]
[www.Zonex.com/blogs/tag/cpc-1908/index.html]
[www.Zonex.com/blogs/tag/cpc-1908/feed/index.html]
[www.Zonex.com/blogs/wp-json/wp/v2/tags/308.json]
[www.Zonex.com/blogs/tag/cpc-pakistan/index.html]
[www.Zonex.com/blogs/tag/cpc-pakistan/feed/index.html]
[www.Zonex.com/blogs/wp-json/wp/v2/tags/309.json]
[www.Zonex.com/blogs/tag/cpc-stands-for/index.html]
[www.Zonex.com/blogs/tag/cpc-stands-for/feed/index.html]
[www.Zonex.com/blogs/wp-json/wp/v2/tags/314.json]
[www.Zonex.com/blogs/tag/cpm-stands-for/index.html]
[www.Zonex.com/blogs/tag/cpm-stands-for/feed/index.html]
[www.Zonex.com/blogs/wp-json/wp/v2/tags/316.json]
[www.Zonex.com/blogs/tag/what-is-cpa/index.html]
[www.Zonex.com/blogs/tag/what-is-cpa/feed/index.html]
[www.Zonex.com/blogs/wp-json/wp/v2/tags/311.json]
[www.Zonex.com/blogs/tag/what-is-cpc/index.html]
[www.Zonex.com/blogs/tag/what-is-cpc/feed/index.html]
[www.Zonex.com/blogs/wp-json/wp/v2/tags/313.json]
[www.Zonex.com/blogs/tag/what-is-cpm/index.html]
[www.Zonex.com/blogs/tag/seo-services/page/1/index.html]
[www.Zonex.com/blogs/index6cb0.html]
[www.Zonex.com/blogs/tag/what-is-cpm/feed/index.html]
[www.Zonex.com/blogs/wp-json/wp/v2/tags/294.json]
[www.Zonex.com/blogs/tag/seo-checker/index.html]
[www.Zonex.com/blogs/tag/seo-checker/feed/index.html]
[www.Zonex.com/blogs/wp-json/wp/v2/tags/292.json]
[www.Zonex.com/blogs/tag/seo-stands-for/index.html]
[www.Zonex.com/blogs/tag/seo-stands-for/feed/index.html]
[www.Zonex.com/blogs/wp-json/wp/v2/tags/293.json]
[www.Zonex.com/blogs/tag/yoast-seo/index.html]
[www.Zonex.com/blogs/indexcb7a.html]
[www.Zonex.com/blogs/tag/yoast-seo/feed/index.html]
[www.Zonex.com/blogs/wp-json/wp/v2/tags/237.json]
[www.Zonex.com/blogs/tag/difference-between-marketing-and-sales/index.html]
[www.Zonex.com/blogs/tag/difference-between-marketing-and-sales/feed/index.html]
[www.Zonex.com/blogs/wp-json/wp/v2/tags/236.json]
[www.Zonex.com/blogs/tag/marketing-and-sales/index.html]
[www.Zonex.com/blogs/tag/marketing-and-sales/feed/index.html]
[www.Zonex.com/blogs/tag/marketing-mix/index.html]
[www.Zonex.com/blogs/wp-json/wp/v2/tags/240.json]
[www.Zonex.com/blogs/tag/marketing-mix/feed/index.html]
[www.Zonex.com/blogs/tag/what-is-digital-marketing/index.html]
[www.Zonex.com/blogs/indexc242.html]
[www.Zonex.com/blogs/wp-json/wp/v2/tags/241.json]
[www.Zonex.com/blogs/tag/what-is-digital-marketing/feed/index.html]
[www.Zonex.com/blogs/tag/followers-on-twitter/feed/index.html]
[www.Zonex.com/blogs/tag/followers-on-twitter/index.html]
[www.Zonex.com/blogs/wp-json/wp/v2/tags/271.json]
[www.Zonex.com/blogs/wp-json/wp/v2/tags/263.json]
[www.Zonex.com/blogs/tag/twitter/index.html]
[www.Zonex.com/blogs/tag/twitter/feed/index.html]
[www.Zonex.com/blogs/tag/twitter-follow-button/index.html]
[www.Zonex.com/blogs/wp-json/wp/v2/tags/270.json]
[www.Zonex.com/blogs/tag/twitter-follow-button/feed/index.html]
[www.Zonex.com/blogs/wp-json/wp/v2/tags/266.json]
[www.Zonex.com/blogs/tag/twitter-log-in/index.html]
[www.Zonex.com/blogs/tag/twitter-log-in/feed/index.html]
[www.Zonex.com/blogs/tag/twitter-login/feed/index.html]
[www.Zonex.com/blogs/wp-json/wp/v2/tags/264.json]
[www.Zonex.com/blogs/tag/twitter-login/index.html]
[www.Zonex.com/blogs/wp-json/wp/v2/tags/267.json]
[www.Zonex.com/blogs/tag/twitter-search/index.html]
[www.Zonex.com/blogs/tag/twitter-search/feed/index.html]
[www.Zonex.com/blogs/wp-json/wp/v2/tags/268.json]
[www.Zonex.com/blogs/tag/twitter-sign-up/index.html]
[www.Zonex.com/blogs/tag/twitter-sign-up/feed/index.html]
[www.Zonex.com/blogs/wp-json/wp/v2/tags/269.json]
[www.Zonex.com/blogs/tag/twitter-trends-pakistan/index.html]
[www.Zonex.com/blogs/tag/twitter-trends-pakistan/feed/index.html]
[www.Zonex.com/blogs/wp-json/wp/v2/tags/265.json]
[www.Zonex.com/blogs/tag/twitter-video-downloader/index.html]
[www.Zonex.com/blogs/indexf240.html]
[www.Zonex.com/blogs/tag/twitter-video-downloader/feed/index.html]
[www.Zonex.com/blogs/wp-json/wp/v2/tags/246.json]
[www.Zonex.com/blogs/tag/facebook-search/index.html]
[www.Zonex.com/blogs/tag/facebook-search/feed/index.html]
[www.Zonex.com/blogs/wp-json/wp/v2/tags/243.json]
[www.Zonex.com/blogs/tag/google-search/index.html]
[www.Zonex.com/blogs/tag/google-search/feed/index.html]
[www.Zonex.com/blogs/wp-json/wp/v2/tags/245.json]
[www.Zonex.com/blogs/tag/search/index.html]
[www.Zonex.com/blogs/tag/search/feed/index.html]
[www.Zonex.com/blogs/wp-json/wp/v2/tags/244.json]
[www.Zonex.com/blogs/tag/search-by-image/index.html]
[www.Zonex.com/blogs/tag/search-by-image/feed/index.html]
[www.Zonex.com/blogs/wp-json/wp/v2/tags/179.json]
[www.Zonex.com/blogs/tag/search-console/index.html]
[www.Zonex.com/blogs/tag/search-console/feed/index.html]
[www.Zonex.com/blogs/wp-json/wp/v2/tags/242.json]
[www.Zonex.com/blogs/tag/search-intent/index.html]
[www.Zonex.com/blogs/indexde42.html]
[www.Zonex.com/blogs/tag/search-intent/feed/index.html]
[www.Zonex.com/blogs/wp-json/wp/v2/tags/205.json]
[www.Zonex.com/blogs/tag/boost-revenue/index.html]
[www.Zonex.com/blogs/tag/boost-revenue/feed/index.html]
[www.Zonex.com/blogs/wp-json/wp/v2/tags/204.json]
[www.Zonex.com/blogs/tag/saas-business-for-sale/index.html]
[www.Zonex.com/blogs/tag/saas-business-for-sale/feed/index.html]
[www.Zonex.com/blogs/wp-json/wp/v2/tags/201.json]
[www.Zonex.com/blogs/tag/saas-sales/index.html]
[www.Zonex.com/blogs/tag/saas-sales/feed/index.html]
[www.Zonex.com/blogs/wp-json/wp/v2/tags/203.json]
[www.Zonex.com/blogs/tag/sell-software-online/index.html]
[www.Zonex.com/blogs/tag/sell-software-online/feed/index.html]
[www.Zonex.com/blogs/wp-json/wp/v2/tags/202.json]
[www.Zonex.com/blogs/tag/software-sale/index.html]
[www.Zonex.com/blogs/indexdd10.html]
[www.Zonex.com/blogs/tag/software-sale/feed/index.html]
[www.Zonex.com/blogs/wp-json/wp/v2/tags/182.json]
[www.Zonex.com/blogs/tag/keyword-research-tool/index.html]
[www.Zonex.com/blogs/tag/keyword-research-tool/feed/index.html]
[www.Zonex.com/blogs/wp-json/wp/v2/tags/178.json]
[www.Zonex.com/blogs/tag/seo-tool/index.html]
[www.Zonex.com/blogs/tag/seo-tool/feed/index.html]
[www.Zonex.com/blogs/wp-json/wp/v2/tags/181.json]
[www.Zonex.com/blogs/tag/seositecheckup/index.html]
[www.Zonex.com/blogs/tag/seositecheckup/feed/index.html]
[www.Zonex.com/blogs/wp-json/wp/v2/tags/183.json]
[www.Zonex.com/blogs/tag/ubersuggest/index.html]
[www.Zonex.com/blogs/tag/web-development/page/1/index.html]
[www.Zonex.com/blogs/index9a2f.html]
[www.Zonex.com/blogs/tag/ubersuggest/feed/index.html]
[www.Zonex.com/blogs/wp-json/wp/v2/tags/278.json]
[www.Zonex.com/blogs/tag/best-seo-services/index.html]
[www.Zonex.com/blogs/tag/best-seo-services/feed/index.html]
[www.Zonex.com/blogs/wp-json/wp/v2/tags/280.json]
[www.Zonex.com/blogs/tag/first-pages-of-google/index.html]
[www.Zonex.com/blogs/tag/first-pages-of-google/feed/index.html]
[www.Zonex.com/blogs/wp-json/wp/v2/tags/279.json]
[www.Zonex.com/blogs/tag/professional-seo-services/index.html]
[www.Zonex.com/blogs/tag/professional-seo-services/feed/index.html]
[www.Zonex.com/blogs/wp-json/wp/v2/tags/274.json]
[www.Zonex.com/blogs/tag/seo-services-in-karachi/index.html]
[www.Zonex.com/blogs/tag/seo-services-in-karachi/feed/index.html]
[www.Zonex.com/blogs/wp-json/wp/v2/tags/275.json]
[www.Zonex.com/blogs/tag/seo-services-in-lahore/index.html]
[www.Zonex.com/blogs/tag/seo-services-in-lahore/feed/index.html]
[www.Zonex.com/blogs/wp-json/wp/v2/tags/277.json]
[www.Zonex.com/blogs/tag/seo-services-pakistan/index.html]
[www.Zonex.com/blogs/index17a8.html]
[www.Zonex.com/blogs/tag/seo-services-pakistan/feed/index.html]
[www.Zonex.com/blogs/tag/algorithm/feed/index.html]
[www.Zonex.com/blogs/tag/algorithm/index.html]
[www.Zonex.com/blogs/wp-json/wp/v2/tags/208.json]
[www.Zonex.com/blogs/wp-json/wp/v2/tags/206.json]
[www.Zonex.com/blogs/tag/google-bert/index.html]
[www.Zonex.com/blogs/tag/google-bert/feed/index.html]
[www.Zonex.com/blogs/wp-json/wp/v2/tags/207.json]
[www.Zonex.com/blogs/tag/internet-searches/index.html]
[www.Zonex.com/blogs/tag/internet-searches/feed/index.html]
[www.Zonex.com/blogs/wp-json/wp/v2/tags/210.json]
[www.Zonex.com/blogs/tag/new-update/index.html]
[www.Zonex.com/blogs/tag/digital-marketing/page/1/index.html]
[www.Zonex.com/blogs/indexd272.html]
[www.Zonex.com/blogs/tag/new-update/feed/index.html]
[www.Zonex.com/blogs/wp-json/wp/v2/tags/173.json]
[www.Zonex.com/blogs/tag/difference-between-native-and-hybrid-app/index.html]
[www.Zonex.com/blogs/tag/difference-between-native-and-hybrid-app/feed/index.html]
[www.Zonex.com/blogs/wp-json/wp/v2/tags/175.json]
[www.Zonex.com/blogs/tag/native-and-hybrid-app-difference/index.html]
[www.Zonex.com/blogs/tag/native-and-hybrid-app-difference/feed/index.html]
[www.Zonex.com/blogs/wp-json/wp/v2/tags/176.json]
[www.Zonex.com/blogs/tag/native-app/index.html]
[www.Zonex.com/blogs/tag/native-app/feed/index.html]
[www.Zonex.com/blogs/wp-json/wp/v2/tags/174.json]
[www.Zonex.com/blogs/tag/native-web-app/index.html]
[www.Zonex.com/blogs/tag/native-web-app/feed/index.html]
[www.Zonex.com/blogs/wp-json/wp/v2/tags/177.json]
[www.Zonex.com/blogs/tag/react-native-firebase/index.html]
[www.Zonex.com/blogs/tag/react-native-firebase/feed/index.html]
